03301700,7856.75,7857.5,7845.25,7845.25,160
03301701,7845.25,7850,7842.25,7847.0,80
03301702,7847,7852,7845.75,7850.5,72
03301703,7850.5,7854.5,7849.0,7854.5,48
03301704,7854.5,7857,7851.5,7854.75,83
03301705,7854.75,7856,7852.5,7854.5,58
03301706,7854.5,7865,7850.25,7860.25,153
03301707,7860.25,7860.5,7855.5,7855.5,46
03301708,7855.5,7858.25,7855.0,7857.75,25
03301709,7857.75,7860.75,7857.0,7859.25,11
03301710,7859.25,7859.25,7854.0,7857.0,24
03301711,7857,7861,7855.5,7859.5,52
03301712,7859.5,7867,7859.5,7863.75,71
03301713,7863.75,7865,7861.25,7863.25,31
03301714,7863.25,7863.5,7857.75,7859.5,41
03301715,7859.5,7860,7854.5,7858.5,43
03301716,7858.5,7862.75,7858.0,7862.25,14
03301717,7862.25,7862.25,7861.0,7861.25,10
03301718,7861.25,7862,7858.75,7859.75,27
03301719,7859.75,7861,7857.25,7858.5,36
03301720,7858.5,7861.5,7858.5,7860.0,10
03301721,7860,7862,7860.0,7861.0,14
03301722,7861,7861,7858.5,7859.0,8
03301723,7859,7864.75,7859.0,7864.75,27
03301724,7864.75,7866,7863.5,7866.0,23
03301725,7866,7866,7862.0,7863.0,29
03301726,7863,7867.5,7863.0,7865.75,29
03301727,7865.75,7871.25,7865.75,7870.0,91
03301728,7870,7875.5,7869.5,7872.25,117
03301729,7872.25,7875.75,7871.0,7875.75,43
03301730,7875.75,7885,7874.0,7879.25,161
03301731,7879.25,7879.25,7876.0,7877.25,70
03301732,7877.25,7881,7873.0,7881.0,72
03301733,7881,7882.25,7876.25,7876.25,29
03301734,7876.25,7876.5,7871.0,7872.0,59
03301735,7872,7874,7867.5,7874.0,62
03301736,7874,7874.5,7868.25,7871.5,27
03301737,7871.5,7875.5,7871.5,7874.0,18
03301738,7874,7878.25,7872.75,7876.75,45
03301739,7876.75,7879.25,7874.75,7877.75,21
03301740,7877.75,7884.25,7876.25,7879.25,80
03301741,7879.25,7880.75,7877.25,7880.5,37
03301742,7880.5,7884.75,7878.75,7882.75,56
03301743,7882.75,7885,7880.25,7883.25,106
03301744,7883.25,7885,7883.0,7883.25,36
03301745,7883.25,7883.25,7876.75,7880.0,81
03301746,7880,7880.25,7878.0,7879.5,23
03301747,7879.5,7882.25,7878.0,7881.75,13
03301748,7881.75,7881.75,7876.25,7877.75,21
03301749,7877.75,7879.75,7876.5,7879.75,40
03301750,7879.75,7879.75,7871.0,7871.25,93
03301751,7871.25,7873.5,7868.5,7869.5,53
03301752,7869.5,7872.5,7868.0,7869.75,39
03301753,7869.75,7872,7866.75,7870.5,56
03301754,7870.5,7872.5,7868.5,7872.5,41
03301755,7872.5,7873.75,7870.0,7870.5,41
03301756,7870.5,7873.25,7866.0,7870.25,37
03301757,7870.25,7872,7870.25,7871.0,12
03301758,7871,7871,7865.25,7868.75,32
03301759,7868.75,7872,7867.25,7871.75,18
03301800,7871.75,7871.75,7866.25,7870.75,28
03301801,7870.75,7870.75,7867.0,7867.0,14
03301802,7867,7868,7865.0,7867.0,13
03301803,7867,7867,7859.25,7864.0,135
03301804,7864,7866.75,7861.5,7864.25,24
03301805,7864.25,7864.5,7863.5,7863.5,20
03301806,7863.5,7866,7859.5,7859.5,30
03301807,7859.5,7860,7855.5,7857.5,73
03301808,7857.5,7859,7854.5,7857.0,75
03301809,7857,7861.25,7857.0,7861.25,35
03301810,7861.25,7861.5,7855.75,7856.0,24
03301811,7856,7859,7856.0,7857.5,11
03301812,7857.5,7857.75,7853.75,7853.75,25
03301813,7853.75,7856,7852.0,7856.0,53
03301814,7856,7857.5,7853.5,7857.5,19
03301815,7857.5,7860.25,7857.5,7859.0,15
03301816,7859,7859.25,7853.0,7856.25,30
03301817,7856.25,7857,7855.0,7857.0,15
03301818,7857,7857.75,7856.5,7857.0,6
03301819,7857,7857,7853.5,7854.25,15
03301820,7854.25,7854.5,7853.0,7854.5,11
03301821,7854.5,7854.75,7852.75,7854.5,13
03301822,7854.5,7854.5,7852.0,7854.25,24
03301823,7854.25,7855.75,7853.0,7855.0,13
03301824,7855,7863,7855.0,7860.0,65
03301825,7860,7863,7858.75,7862.75,19
03301826,7862.75,7862.75,7860.0,7861.75,11
03301827,7861.75,7861.75,7859.0,7859.5,16
03301828,7859.5,7862.25,7858.5,7862.0,41
03301829,7862,7862.5,7859.0,7861.25,46
03301830,7861.25,7869.5,7861.25,7868.0,113
03301831,7868,7874.25,7865.5,7874.25,81
03301832,7874.25,7874.75,7871.0,7873.25,55
03301833,7873.25,7873.25,7869.5,7870.0,26
03301834,7870,7872,7869.75,7871.75,12
03301835,7871.75,7881.75,7871.75,7879.75,123
03301836,7879.75,7883,7878.25,7881.0,110
03301837,7881,7881,7874.25,7876.5,52
03301838,7876.5,7876.5,7874.0,7876.25,11
03301839,7876.25,7878,7874.75,7878.0,21
03301840,7878,7878,7872.0,7872.5,30
03301841,7872.5,7874,7870.75,7872.5,24
03301842,7872.5,7872.75,7870.5,7871.5,21
03301843,7871.5,7872.75,7868.5,7872.75,56
03301844,7872.75,7873.75,7870.0,7872.25,48
03301845,7872.25,7872.25,7864.0,7866.0,67
03301846,7866,7866.25,7862.25,7866.25,51
03301847,7866.25,7866.25,7861.0,7865.25,46
03301848,7865.25,7869,7864.0,7865.0,28
03301849,7865,7868,7863.25,7867.25,20
03301850,7867.25,7870.75,7866.75,7868.25,33
03301851,7868.25,7871.75,7868.25,7869.25,33
03301852,7869.25,7870,7866.5,7867.0,22
03301853,7867,7869,7865.0,7865.0,38
03301854,7865,7869,7865.0,7869.0,17
03301855,7869,7873.25,7867.0,7869.5,74
03301856,7869.5,7875.5,7868.0,7873.75,54
03301857,7873.75,7875.5,7869.5,7871.25,29
03301858,7871.25,7872.5,7870.25,7872.5,14
03301859,7872.5,7875.75,7872.5,7875.75,27
03301900,7875.75,7881.25,7875.75,7879.75,96
03301901,7879.75,7892.5,7878.5,7889.75,181
03301902,7889.75,7891.75,7883.5,7889.5,84
03301903,7889.5,7891.25,7885.75,7887.75,73
03301904,7887.75,7891.75,7887.5,7890.0,56
03301905,7890,7899,7890.0,7896.0,189
03301906,7896,7898.25,7894.5,7894.75,53
03301907,7894.75,7895.25,7889.5,7892.0,84
03301908,7892,7893.25,7889.25,7891.75,36
03301909,7891.75,7893.25,7885.75,7888.0,90
03301910,7888,7890.5,7881.75,7882.75,45
03301911,7882.75,7884.5,7881.25,7881.75,45
03301912,7881.75,7883,7876.0,7879.0,62
03301913,7879,7880.25,7876.25,7878.25,36
03301914,7878.25,7880.25,7875.75,7876.5,50
03301915,7876.5,7882,7875.0,7881.25,87
03301916,7881.25,7882.75,7876.25,7876.25,52
03301917,7876.25,7878,7870.5,7873.25,50
03301918,7873.25,7876.5,7872.25,7876.0,106
03301919,7876,7877.5,7876.0,7876.75,21
03301920,7876.75,7885,7876.25,7885.0,55
03301921,7885,7886.75,7881.25,7884.0,62
03301922,7884,7886.75,7879.0,7880.25,113
03301923,7880.25,7883.75,7878.25,7880.25,47
03301924,7880.25,7883,7879.5,7882.0,37
03301925,7882,7884.5,7879.5,7881.5,84
03301926,7881.5,7885.5,7880.25,7882.75,66
03301927,7882.75,7890.75,7882.75,7888.0,68
03301928,7888,7895.5,7887.0,7893.75,101
03301929,7893.75,7897,7889.25,7891.25,103
03301930,7891.25,7892.75,7888.0,7889.0,95
03301931,7889,7893.25,7889.0,7891.0,48
03301932,7891,7896,7890.0,7890.0,75
03301933,7890,7891,7887.25,7887.75,58
03301934,7887.75,7888,7881.25,7882.25,58
03301935,7882.25,7887.75,7880.25,7880.5,39
03301936,7880.5,7884.25,7880.25,7884.0,36
03301937,7884,7885,7881.0,7882.5,31
03301938,7882.5,7884.5,7882.5,7882.75,17
03301939,7882.75,7882.75,7878.5,7880.25,22
03301940,7880.25,7882.5,7878.75,7881.0,28
03301941,7881,7883.75,7876.5,7876.5,72
03301942,7876.5,7880.25,7876.5,7879.0,39
03301943,7879,7883.5,7875.25,7881.75,63
03301944,7881.75,7885.5,7881.25,7884.0,54
03301945,7884,7884,7878.0,7879.75,25
03301946,7879.75,7886.5,7879.5,7886.5,47
03301947,7886.5,7886.5,7882.0,7886.25,39
03301948,7886.25,7889.75,7885.0,7886.5,67
03301949,7886.5,7887.75,7881.75,7882.75,85
03301950,7882.75,7887.5,7880.5,7882.25,41
03301951,7882.25,7886.75,7881.5,7885.75,23
03301952,7885.75,7886.75,7883.5,7885.0,35
03301953,7885,7892.25,7885.0,7891.25,72
03301954,7891.25,7891.25,7880.5,7882.5,75
03301955,7882.5,7886.5,7878.0,7880.75,84
03301956,7880.75,7884,7879.75,7882.25,78
03301957,7882.25,7883.25,7879.25,7879.5,34
03301958,7879.5,7882.25,7875.5,7876.5,65
03301959,7876.5,7876.75,7870.0,7873.75,109
03302000,7873.75,7888.75,7870.5,7888.0,204
03302001,7888,7904,7883.5,7902.5,363
03302002,7902.5,7910.75,7898.0,7898.0,275
03302003,7898,7905.25,7898.0,7901.0,95
03302004,7901,7908.25,7896.5,7907.5,129
03302005,7907.5,7911.5,7905.0,7907.5,151
03302006,7907.5,7927.25,7907.5,7927.25,429
03302007,7927.25,7927.5,7918.0,7923.25,216
03302008,7923.25,7934.75,7922.25,7934.25,385
03302009,7934.25,7937,7931.5,7933.0,233
03302010,7933,7933,7925.25,7925.25,151
03302011,7925.25,7932.25,7925.0,7926.5,163
03302012,7926.5,7926.5,7920.25,7921.5,120
03302013,7921.5,7925,7921.25,7923.25,47
03302014,7923.25,7925,7920.0,7920.5,58
03302015,7920.5,7928.25,7918.0,7922.25,150
03302016,7922.25,7926.75,7921.5,7922.5,70
03302017,7922.5,7923.75,7913.5,7915.75,96
03302018,7915.75,7917,7911.5,7917.0,77
03302019,7917,7917.5,7912.0,7914.0,44
03302020,7914,7916.75,7910.0,7914.25,71
03302021,7914.25,7914.5,7909.75,7909.75,27
03302022,7909.75,7915.5,7909.0,7913.5,66
03302023,7913.5,7921.5,7913.25,7917.0,120
03302024,7917,7920,7917.0,7917.0,62
03302025,7917,7917,7911.5,7913.0,52
03302026,7913,7920.5,7912.75,7920.25,56
03302027,7920.25,7921.25,7917.5,7919.0,33
03302028,7919,7920.5,7916.25,7916.25,36
03302029,7916.25,7919.75,7913.0,7918.5,50
03302030,7918.5,7918.5,7914.25,7918.25,31
03302031,7918.25,7918.25,7910.75,7913.5,56
03302032,7913.5,7913.5,7909.5,7911.5,45
03302033,7911.5,7915.25,7909.5,7915.25,65
03302034,7915.25,7919,7911.5,7916.5,81
03302035,7916.5,7916.5,7910.25,7912.75,36
03302036,7912.75,7912.75,7905.75,7907.5,88
03302037,7907.5,7907.5,7901.5,7903.25,148
03302038,7903.25,7905.5,7901.25,7902.5,47
03302039,7902.5,7902.5,7896.0,7898.5,143
03302040,7898.5,7903.25,7895.25,7901.75,99
03302041,7901.75,7906.75,7900.5,7904.0,63
03302042,7904,7905.5,7900.75,7903.5,74
03302043,7903.5,7905,7897.5,7901.0,37
03302044,7901,7905.75,7899.0,7900.0,46
03302045,7900,7907,7898.75,7905.0,54
03302046,7905,7908,7903.0,7908.0,34
03302047,7908,7908.25,7904.75,7907.5,57
03302048,7907.5,7909,7905.0,7906.5,32
03302049,7906.5,7907.5,7903.0,7905.25,33
03302050,7905.25,7913,7904.0,7913.0,98
03302051,7913,7913,7909.0,7912.0,64
03302052,7912,7914.75,7909.75,7911.0,153
03302053,7911,7916.75,7909.0,7913.0,71
03302054,7913,7915.25,7910.0,7911.25,42
03302055,7911.25,7911.5,7907.0,7908.75,30
03302056,7908.75,7914,7906.5,7912.0,69
03302057,7912,7916.5,7911.75,7913.75,38
03302058,7913.75,7913.75,7905.5,7906.5,45
03302059,7906.5,7908.25,7904.5,7907.25,21
03302100,7907.25,7916.75,7907.25,7915.75,81
03302101,7915.75,7915.75,7910.0,7912.0,101
03302102,7912,7915.5,7910.5,7912.5,39
03302103,7912.5,7912.5,7907.0,7908.25,24
03302104,7908.25,7909.75,7906.5,7908.25,24
03302105,7908.25,7910,7903.5,7904.5,60
03302106,7904.5,7911,7904.0,7910.25,31
03302107,7910.25,7913.5,7908.75,7913.5,27
03302108,7913.5,7915,7910.5,7910.5,31
03302109,7910.5,7910.5,7906.25,7906.25,34
03302110,7906.25,7910.25,7904.75,7908.0,50
03302111,7908,7909.5,7905.5,7908.75,38
03302112,7908.75,7908.75,7904.25,7905.75,28
03302113,7905.75,7906.5,7902.75,7905.5,59
03302114,7905.5,7909.5,7904.25,7905.25,28
03302115,7905.25,7909.25,7903.5,7907.25,21
03302116,7907.25,7907.5,7905.75,7907.0,19
03302117,7907,7910,7905.5,7907.5,49
03302118,7907.5,7913.25,7906.0,7912.25,67
03302119,7912.25,7913.5,7911.0,7911.75,24
03302120,7911.75,7913.5,7909.25,7909.25,26
03302121,7909.25,7916.5,7907.75,7916.5,36
03302122,7916.5,7916.5,7914.0,7914.25,22
03302123,7914.25,7917,7913.25,7916.5,28
03302124,7916.5,7918,7913.5,7915.5,43
03302125,7915.5,7919.75,7914.5,7915.5,52
03302126,7915.5,7916.5,7911.25,7915.0,42
03302127,7915,7918,7914.5,7918.0,30
03302128,7918,7920,7915.0,7917.5,63
03302129,7917.5,7918.75,7916.25,7917.25,18
03302130,7917.25,7919.75,7916.25,7917.75,28
03302131,7917.75,7918.25,7916.0,7917.75,18
03302132,7917.75,7917.75,7913.0,7917.25,56
03302133,7917.25,7924.75,7915.75,7923.0,65
03302134,7923,7925.5,7920.25,7925.0,34
03302135,7925,7925,7919.25,7921.25,81
03302136,7921.25,7921.75,7915.75,7916.75,48
03302137,7916.75,7916.75,7913.0,7913.5,63
03302138,7913.5,7916.75,7913.5,7916.25,21
03302139,7916.25,7917.5,7913.0,7913.5,33
03302140,7913.5,7915.75,7913.5,7914.75,25
03302141,7914.75,7916,7912.0,7913.25,38
03302142,7913.25,7915,7912.0,7913.5,25
03302143,7913.5,7915,7910.0,7911.25,53
03302144,7911.25,7911.25,7907.5,7907.5,72
03302145,7907.5,7912,7907.5,7909.75,47
03302146,7909.75,7911.5,7907.75,7910.5,7
03302147,7910.5,7910.5,7908.0,7909.5,14
03302148,7909.5,7912,7909.5,7912.0,1
03302149,7912,7912,7909.25,7911.0,4
03302150,7911,7911.25,7909.75,7911.25,6
03302151,7911.25,7915,7911.25,7914.75,14
03302152,7914.75,7917.75,7914.25,7917.5,25
03302153,7917.5,7918.25,7914.5,7917.5,50
03302154,7917.5,7921,7916.5,7919.0,43
03302155,7919,7920,7915.75,7916.0,19
03302156,7916,7917.5,7914.0,7917.5,14
03302157,7917.5,7917.5,7912.0,7912.0,11
03302158,7912,7912,7908.0,7908.75,19
03302159,7908.75,7911,7908.75,7909.75,36
03302200,7909.75,7912.75,7908.75,7908.75,22
03302201,7908.75,7908.75,7901.0,7907.25,71
03302202,7907.25,7907.25,7902.75,7903.5,23
03302203,7903.5,7904.5,7899.0,7902.0,66
03302204,7902,7902,7891.25,7891.25,84
03302205,7891.25,7892.75,7886.0,7886.0,127
03302206,7886,7888.75,7884.25,7886.25,80
03302207,7886.25,7887,7882.25,7884.75,94
03302208,7884.75,7888,7880.75,7881.75,88
03302209,7881.75,7883.5,7880.5,7882.0,62
03302210,7882,7882,7878.0,7880.0,64
03302211,7880,7883,7877.25,7880.5,54
03302212,7880.5,7885.5,7880.0,7885.0,46
03302213,7885,7887,7884.0,7884.0,36
03302214,7884,7884,7878.75,7878.75,69
03302215,7878.75,7878.75,7871.5,7872.75,136
03302216,7872.75,7876,7871.5,7872.25,72
03302217,7872.25,7878,7872.25,7877.5,61
03302218,7877.5,7877.75,7874.75,7876.5,31
03302219,7876.5,7876.5,7873.5,7875.0,18
03302220,7875,7879.75,7874.25,7879.25,16
03302221,7879.25,7882.75,7879.25,7880.25,43
03302222,7880.25,7887.25,7880.25,7883.5,79
03302223,7883.5,7884.75,7882.0,7883.0,25
03302224,7883,7885.75,7881.25,7885.75,26
03302225,7885.75,7885.75,7881.0,7884.0,32
03302226,7884,7886,7882.5,7885.5,17
03302227,7885.5,7887,7880.5,7885.25,36
03302228,7885.25,7885.5,7881.25,7885.5,30
03302229,7885.5,7885.5,7883.75,7883.75,7
03302230,7883.75,7889,7880.25,7887.25,85
03302231,7887.25,7888.75,7884.0,7887.5,39
03302232,7887.5,7889.75,7886.75,7887.75,24
03302233,7887.75,7889.25,7886.5,7888.25,32
03302234,7888.25,7891.75,7887.0,7888.75,54
03302235,7888.75,7888.75,7885.25,7886.0,30
03302236,7886,7886,7883.25,7883.25,14
03302237,7883.25,7887.5,7883.0,7886.0,23
03302238,7886,7886.25,7880.0,7880.0,21
03302239,7880,7882.25,7878.25,7879.25,37
03302240,7879.25,7885.25,7878.0,7883.75,44
03302241,7883.75,7890,7883.75,7889.75,67
03302242,7889.75,7890.25,7886.5,7888.25,51
03302243,7888.25,7889,7887.25,7889.0,6
03302244,7889,7889,7886.0,7886.75,15
03302245,7886.75,7888.5,7885.0,7885.25,25
03302246,7885.25,7885.25,7882.25,7882.25,20
03302247,7882.25,7884.75,7882.25,7884.5,7
03302248,7884.5,7885.75,7880.5,7885.75,22
03302249,7885.75,7885.75,7883.75,7884.75,13
03302250,7884.75,7887.75,7884.25,7887.25,10
03302251,7887.25,7887.5,7884.25,7884.25,17
03302252,7884.25,7885,7881.25,7881.25,9
03302253,7881.25,7884.5,7880.25,7883.0,19
03302254,7883,7888,7882.25,7888.0,29
03302255,7888,7891,7885.75,7888.0,45
03302256,7888,7890.25,7886.5,7888.5,19
03302257,7888.5,7888.5,7882.5,7883.5,30
03302258,7883.5,7884,7881.5,7883.25,29
03302259,7883.25,7883.25,7880.25,7881.25,24
03302300,7881.25,7881.25,7873.5,7874.0,63
03302301,7874,7875.25,7871.5,7873.0,49
03302302,7873,7874,7872.25,7872.25,39
03302303,7872.25,7872.25,7865.75,7866.25,103
03302304,7866.25,7870,7866.25,7868.75,82
03302305,7868.75,7870,7862.75,7862.75,79
03302306,7862.75,7864.75,7862.25,7864.5,37
03302307,7864.5,7871.75,7863.5,7871.25,50
03302308,7871.25,7872.5,7866.25,7867.25,36
03302309,7867.25,7871,7865.5,7871.0,22
03302310,7871,7872.75,7870.5,7870.5,24
03302311,7870.5,7873,7870.5,7871.25,12
03302312,7871.25,7875.25,7871.25,7875.0,20
03302313,7875,7875,7871.0,7871.0,35
03302314,7871,7871,7862.5,7864.5,57
03302315,7864.5,7865.5,7862.0,7862.0,47
03302316,7862,7862.75,7859.0,7860.0,59
03302317,7860,7866.25,7860.0,7865.75,34
03302318,7865.75,7865.75,7863.25,7864.75,11
03302319,7864.75,7864.75,7859.5,7861.0,19
03302320,7861,7864.25,7859.25,7864.0,23
03302321,7864,7864,7860.25,7863.5,7
03302322,7863.5,7863.5,7860.5,7862.25,8
03302323,7862.25,7862.25,7857.75,7858.0,37
03302324,7858,7858.75,7854.5,7856.5,88
03302325,7856.5,7860,7854.5,7857.5,96
03302326,7857.5,7859.5,7853.0,7855.25,74
03302327,7855.25,7858.5,7854.5,7857.5,91
03302328,7857.5,7860.5,7856.5,7859.75,40
03302329,7859.75,7860.5,7857.25,7858.0,20
03302330,7858,7858.25,7847.5,7849.25,123
03302331,7849.25,7850,7844.0,7844.0,86
03302332,7844,7845,7829.0,7829.0,275
03302333,7829,7832,7825.25,7828.5,119
03302334,7828.5,7837.75,7827.0,7835.5,176
03302335,7835.5,7835.5,7827.5,7830.75,73
03302336,7830.75,7833,7826.25,7827.5,56
03302337,7827.5,7827.5,7820.25,7822.25,154
03302338,7822.25,7823.5,7815.0,7822.25,189
03302339,7822.25,7828.75,7821.75,7824.5,78
03302340,7824.5,7828,7820.25,7821.75,97
03302341,7821.75,7821.75,7815.75,7818.0,102
03302342,7818,7822.75,7817.0,7818.25,45
03302343,7818.25,7826.5,7818.25,7825.0,84
03302344,7825,7828.75,7823.75,7828.75,47
03302345,7828.75,7832.75,7826.0,7831.75,91
03302346,7831.75,7841,7831.75,7837.5,163
03302347,7837.5,7840.75,7835.5,7836.5,72
03302348,7836.5,7844,7836.0,7841.0,106
03302349,7841,7848.75,7841.0,7843.5,154
03302350,7843.5,7843.5,7830.75,7832.5,162
03302351,7832.5,7833.5,7825.25,7831.75,133
03302352,7831.75,7833.25,7825.5,7831.75,80
03302353,7831.75,7835.75,7824.25,7829.0,132
03302354,7829,7829.75,7820.0,7825.0,52
03302355,7825,7830,7822.75,7825.0,44
03302356,7825,7833.5,7825.0,7828.75,66
03302357,7828.75,7839,7828.75,7835.0,66
03302358,7835,7838.5,7831.25,7833.75,40
03302359,7833.75,7837.25,7829.25,7837.25,32
03310000,7837.25,7837.75,7827.75,7833.25,86
03310001,7833.25,7833.5,7823.75,7826.25,68
03310002,7826.25,7828.75,7812.0,7815.25,180
03310003,7815.25,7818.75,7813.0,7815.75,71
03310004,7815.75,7823.75,7815.5,7819.75,85
03310005,7819.75,7825,7818.25,7823.25,54
03310006,7823.25,7825,7818.25,7823.75,39
03310007,7823.75,7829.75,7821.25,7828.5,50
03310008,7828.5,7829.75,7822.0,7824.25,78
03310009,7824.25,7828.75,7824.25,7828.0,36
03310010,7828,7828.75,7818.5,7821.0,43
03310011,7821,7827,7817.0,7824.25,112
03310012,7824.25,7829.75,7824.25,7825.5,38
03310013,7825.5,7831.5,7825.25,7829.0,74
03310014,7829,7830.5,7826.25,7830.0,41
03310015,7830,7830,7823.0,7823.0,47
03310016,7823,7826,7816.75,7819.75,71
03310017,7819.75,7825.75,7819.25,7824.25,35
03310018,7824.25,7824.25,7818.25,7820.75,30
03310019,7820.75,7838,7820.75,7834.25,149
03310020,7834.25,7838,7832.5,7835.25,76
03310021,7835.25,7842.75,7835.25,7841.75,67
03310022,7841.75,7844.5,7837.75,7842.25,66
03310023,7842.25,7843.25,7837.25,7837.25,50
03310024,7837.25,7841.25,7837.25,7838.0,19
03310025,7838,7845.25,7838.0,7845.0,42
03310026,7845,7854.5,7844.0,7853.75,118
03310027,7853.75,7854.5,7847.75,7851.75,99
03310028,7851.75,7860,7851.75,7859.0,186
03310029,7859,7865.25,7856.75,7860.0,196
03310030,7860,7862.5,7854.5,7856.25,91
03310031,7856.25,7859,7845.75,7846.75,148
03310032,7846.75,7851.5,7844.5,7848.0,69
03310033,7848,7855.75,7847.0,7852.0,64
03310034,7852,7856,7850.75,7853.25,43
03310035,7853.25,7858,7848.25,7850.75,67
03310036,7850.75,7855.25,7847.0,7847.25,104
03310037,7847.25,7850.75,7841.25,7841.25,87
03310038,7841.25,7848.25,7841.0,7841.0,84
03310039,7841,7851.5,7841.0,7848.0,55
03310040,7848,7858,7847.0,7858.0,85
03310041,7858,7859,7851.75,7856.0,63
03310042,7856,7858.25,7853.0,7856.5,37
03310043,7856.5,7858,7853.75,7855.0,31
03310044,7855,7855,7850.0,7851.5,33
03310045,7851.5,7864,7850.0,7864.0,136
03310046,7864,7865.5,7858.75,7865.5,67
03310047,7865.5,7871,7865.5,7869.0,75
03310048,7869,7875,7861.5,7872.75,140
03310049,7872.75,7873.25,7863.5,7863.75,121
03310050,7863.75,7864.5,7850.0,7852.0,232
03310051,7852,7853.75,7846.5,7847.5,261
03310052,7847.5,7852.25,7847.25,7851.75,71
03310053,7851.75,7852.25,7848.0,7848.75,44
03310054,7848.75,7848.75,7843.0,7845.5,84
03310055,7845.5,7852.75,7845.25,7850.0,52
03310056,7850,7857.75,7849.75,7851.75,95
03310057,7851.75,7852.5,7847.0,7849.0,41
03310058,7849,7855.5,7849.0,7849.25,64
03310059,7849.25,7854.75,7849.0,7852.5,25
03310100,7852.5,7854.25,7842.5,7851.75,140
03310101,7851.75,7857.25,7849.0,7856.0,58
03310102,7856,7862.25,7848.25,7852.75,112
03310103,7852.75,7855,7840.5,7841.0,83
03310104,7841,7844,7831.0,7831.0,158
03310105,7831,7833.75,7824.5,7825.5,231
03310106,7825.5,7831,7822.75,7831.0,171
03310107,7831,7834.5,7824.0,7828.75,163
03310108,7828.75,7839,7828.75,7835.75,154
03310109,7835.75,7838,7829.75,7835.0,84
03310110,7835,7842.75,7833.5,7837.75,88
03310111,7837.75,7845.75,7837.75,7842.0,78
03310112,7842,7842.5,7838.0,7842.5,63
03310113,7842.5,7842.75,7836.5,7840.0,50
03310114,7840,7846.75,7840.0,7846.0,46
03310115,7846,7851.75,7844.25,7844.75,104
03310116,7844.75,7854.25,7844.25,7853.75,78
03310117,7853.75,7864,7852.0,7858.25,144
03310118,7858.25,7866.75,7855.5,7866.5,116
03310119,7866.5,7874.25,7860.5,7869.75,155
03310120,7869.75,7871.75,7865.25,7866.75,155
03310121,7866.75,7870.5,7865.25,7869.75,118
03310122,7869.75,7871,7859.75,7859.75,84
03310123,7859.75,7866,7859.5,7866.0,60
03310124,7866,7868.25,7863.0,7863.0,29
03310125,7863,7868.5,7860.5,7868.5,67
03310126,7868.5,7868.75,7865.0,7865.0,27
03310127,7865,7869.75,7863.75,7869.0,30
03310128,7869,7885.5,7867.0,7882.0,272
03310129,7882,7883.75,7880.0,7882.0,67
03310130,7882,7889.75,7880.75,7885.0,167
03310131,7885,7890,7880.25,7885.0,121
03310132,7885,7888,7881.25,7884.5,72
03310133,7884.5,7890.75,7883.5,7887.5,67
03310134,7887.5,7889,7882.5,7884.0,44
03310135,7884,7884.75,7880.75,7882.25,69
03310136,7882.25,7886.25,7881.25,7883.5,59
03310137,7883.5,7885.5,7880.0,7882.0,55
03310138,7882,7886.75,7881.25,7885.5,37
03310139,7885.5,7887.75,7882.75,7883.0,51
03310140,7883,7887.75,7881.25,7887.25,81
03310141,7887.25,7888,7883.25,7887.25,65
03310142,7887.25,7887.75,7879.75,7879.75,68
03310143,7879.75,7880.5,7877.25,7879.0,80
03310144,7879,7879.5,7876.25,7876.75,59
03310145,7876.75,7883.75,7876.5,7882.0,80
03310146,7882,7894.5,7882.0,7893.25,212
03310147,7893.25,7897.75,7892.25,7892.75,105
03310148,7892.75,7897,7891.75,7896.0,63
03310149,7896,7898,7894.0,7897.5,62
03310150,7897.5,7903,7897.0,7899.5,131
03310151,7899.5,7901.75,7898.0,7901.0,75
03310152,7901,7901,7895.0,7895.5,50
03310153,7895.5,7898.75,7892.0,7892.0,85
03310154,7892,7895,7889.0,7889.75,125
03310155,7889.75,7895.25,7889.25,7889.25,60
03310156,7889.25,7895.25,7889.25,7895.25,45
03310157,7895.25,7900.25,7894.0,7900.25,73
03310158,7900.25,7901.5,7896.0,7900.0,66
03310159,7900,7904.5,7895.0,7904.0,89
03310200,7904,7907.75,7897.75,7902.75,319
03310201,7902.75,7910,7900.75,7907.0,217
03310202,7907,7907.25,7894.5,7897.25,241
03310203,7897.25,7901.75,7891.25,7891.75,111
03310204,7891.75,7893,7885.25,7886.0,209
03310205,7886,7897,7885.0,7890.25,223
03310206,7890.25,7902.25,7890.25,7897.75,263
03310207,7897.75,7907.25,7897.5,7907.25,266
03310208,7907.25,7907.75,7900.0,7902.75,169
03310209,7902.75,7904.25,7893.0,7897.5,161
03310210,7897.5,7907.25,7897.0,7903.25,154
03310211,7903.25,7906.25,7901.25,7905.75,108
03310212,7905.75,7909.5,7904.25,7907.75,143
03310213,7907.75,7913.75,7907.25,7911.75,171
03310214,7911.75,7917.75,7911.75,7915.5,266
03310215,7915.5,7920,7912.0,7918.5,273
03310216,7918.5,7927,7918.25,7924.0,377
03310217,7924,7924.75,7917.0,7923.25,167
03310218,7923.25,7928.25,7921.25,7921.25,199
03310219,7921.25,7923.25,7916.0,7916.5,202
03310220,7916.5,7923.5,7916.25,7922.75,154
03310221,7922.75,7926.75,7922.75,7923.5,133
03310222,7923.5,7928,7921.75,7926.5,134
03310223,7926.5,7928.5,7922.25,7923.75,208
03310224,7923.75,7928.75,7923.75,7926.75,102
03310225,7926.75,7929.75,7921.5,7924.5,143
03310226,7924.5,7926.75,7921.25,7924.75,166
03310227,7924.75,7925.25,7918.5,7920.0,155
03310228,7920,7922,7913.5,7917.25,166
03310229,7917.25,7920.75,7913.5,7917.5,131
03310230,7917.5,7920.5,7913.25,7914.5,115
03310231,7914.5,7916.5,7910.5,7911.75,156
03310232,7911.75,7916.75,7908.5,7916.75,235
03310233,7916.75,7920.5,7912.75,7916.25,132
03310234,7916.25,7916.25,7906.25,7907.25,179
03310235,7907.25,7909,7904.5,7905.75,181
03310236,7905.75,7911,7904.0,7905.0,181
03310237,7905,7905,7897.25,7899.0,264
03310238,7899,7902.25,7893.0,7893.75,179
03310239,7893.75,7898,7889.0,7893.5,213
03310240,7893.5,7898.75,7891.25,7892.25,158
03310241,7892.25,7897.25,7889.0,7894.5,172
03310242,7894.5,7895.75,7889.25,7891.75,160
03310243,7891.75,7895,7888.5,7889.0,174
03310244,7889,7893.5,7887.25,7893.0,162
03310245,7893,7899.5,7893.0,7898.75,168
03310246,7898.75,7903,7894.25,7894.75,154
03310247,7894.75,7901.5,7894.75,7901.0,112
03310248,7901,7908.25,7898.25,7908.25,464
03310249,7908.25,7919.25,7907.0,7917.0,428
03310250,7917,7920,7915.0,7917.5,158
03310251,7917.5,7932.75,7917.5,7932.25,335
03310252,7932.25,7941.75,7931.75,7935.75,488
03310253,7935.75,7935.75,7930.25,7933.0,234
03310254,7933,7933.5,7930.25,7933.5,111
03310255,7933.5,7933.5,7925.5,7927.25,129
03310256,7927.25,7927.25,7921.0,7924.25,157
03310257,7924.25,7929.5,7924.0,7929.25,134
03310258,7929.25,7929.25,7912.0,7915.75,226
03310259,7915.75,7919.75,7912.75,7917.75,148
03310300,7917.75,7924.75,7916.25,7922.0,184
03310301,7922,7923,7911.0,7912.5,164
03310302,7912.5,7928,7911.75,7927.25,216
03310303,7927.25,7928.25,7918.0,7920.0,149
03310304,7920,7920,7913.0,7917.0,163
03310305,7917,7921.75,7915.0,7915.5,195
03310306,7915.5,7918.5,7912.25,7917.0,187
03310307,7917,7928.25,7916.75,7926.25,150
03310308,7926.25,7933.5,7924.25,7929.75,212
03310309,7929.75,7939.25,7929.75,7939.0,200
03310310,7939,7939.25,7930.25,7933.5,149
03310311,7933.5,7943.75,7932.0,7941.0,242
03310312,7941,7943,7931.5,7933.25,225
03310313,7933.25,7934.75,7928.25,7930.0,160
03310314,7930,7934.25,7928.0,7933.5,118
03310315,7933.5,7936.5,7927.25,7931.0,179
03310316,7931,7939.75,7930.75,7938.25,99
03310317,7938.25,7939.75,7934.5,7937.5,91
03310318,7937.5,7937.5,7927.5,7927.75,94
03310319,7927.75,7932.25,7925.0,7929.75,117
03310320,7929.75,7932.25,7928.25,7928.25,71
03310321,7928.25,7932.25,7926.75,7932.25,50
03310322,7932.25,7933.75,7925.75,7929.0,65
03310323,7929,7932.5,7925.5,7932.5,83
03310324,7932.5,7938,7930.5,7938.0,107
03310325,7938,7939.5,7934.75,7936.0,79
03310326,7936,7937.75,7935.0,7937.0,35
03310327,7937,7939.75,7936.75,7939.75,54
03310328,7939.75,7947.25,7938.0,7944.75,226
03310329,7944.75,7947,7943.0,7944.0,88
03310330,7944,7946.25,7940.0,7940.25,112
03310331,7940.25,7945,7938.75,7941.0,131
03310332,7941,7943,7938.5,7939.5,108
03310333,7939.5,7942.25,7937.0,7942.25,91
03310334,7942.25,7942.75,7938.75,7939.5,60
03310335,7939.5,7944.75,7939.5,7942.0,77
03310336,7942,7942.75,7930.75,7931.25,192
03310337,7931.25,7935,7927.5,7930.0,197
03310338,7930,7933.75,7927.75,7930.25,83
03310339,7930.25,7936.25,7930.25,7933.0,71
03310340,7933,7941.5,7931.75,7940.25,169
03310341,7940.25,7948.5,7939.5,7946.75,164
03310342,7946.75,7948.25,7944.5,7948.0,76
03310343,7948,7948,7940.0,7943.25,139
03310344,7943.25,7943.25,7937.0,7937.25,118
03310345,7937.25,7939,7932.25,7934.0,112
03310346,7934,7936.75,7928.0,7931.5,143
03310347,7931.5,7931.5,7925.25,7928.25,214
03310348,7928.25,7928.25,7922.5,7923.75,197
03310349,7923.75,7932.5,7922.25,7929.25,159
03310350,7929.25,7944,7929.25,7941.25,207
03310351,7941.25,7945,7937.5,7938.25,173
03310352,7938.25,7939.75,7936.0,7938.0,74
03310353,7938,7944.5,7937.5,7943.5,107
03310354,7943.5,7944.75,7938.25,7939.5,224
03310355,7939.5,7945,7936.0,7942.0,172
03310356,7942,7947.75,7939.25,7939.5,160
03310357,7939.5,7942,7933.75,7934.75,94
03310358,7934.75,7937.75,7934.0,7937.75,78
03310359,7937.75,7939,7931.0,7936.75,98
03310400,7936.75,7941.75,7933.5,7936.25,106
03310401,7936.25,7942,7934.25,7940.75,83
03310402,7940.75,7943,7939.75,7939.75,48
03310403,7939.75,7944,7935.25,7935.25,112
03310404,7935.25,7939.5,7933.0,7939.5,61
03310405,7939.5,7939.5,7930.0,7930.5,117
03310406,7930.5,7935,7929.75,7933.0,81
03310407,7933,7938.5,7933.0,7936.25,92
03310408,7936.25,7941.25,7936.25,7941.25,93
03310409,7941.25,7944.75,7938.0,7942.25,138
03310410,7942.25,7942.75,7936.5,7939.25,63
03310411,7939.25,7947,7939.25,7941.0,109
03310412,7941,7946.75,7940.75,7945.25,118
03310413,7945.25,7947.25,7941.25,7944.75,92
03310414,7944.75,7945.5,7940.75,7943.25,59
03310415,7943.25,7945.5,7941.0,7941.0,82
03310416,7941,7942.75,7939.5,7941.0,83
03310417,7941,7947,7940.25,7945.25,116
03310418,7945.25,7947,7943.25,7943.25,43
03310419,7943.25,7949,7943.25,7948.25,99
03310420,7948.25,7949,7946.25,7948.0,81
03310421,7948,7949,7946.75,7948.75,71
03310422,7948.75,7955.25,7948.0,7950.75,416
03310423,7950.75,7954.75,7950.25,7953.75,91
03310424,7953.75,7957,7951.75,7955.5,147
03310425,7955.5,7956.5,7951.5,7951.5,52
03310426,7951.5,7952.5,7945.75,7947.25,93
03310427,7947.25,7952.25,7946.25,7947.25,47
03310428,7947.25,7948.25,7945.0,7947.0,56
03310429,7947,7950,7945.25,7950.0,62
03310430,7950,7954,7948.25,7952.5,97
03310431,7952.5,7954,7947.5,7949.75,63
03310432,7949.75,7952.25,7946.25,7949.25,66
03310433,7949.25,7949.25,7943.0,7946.0,113
03310434,7946,7948,7943.0,7946.25,81
03310435,7946.25,7949,7945.5,7947.5,53
03310436,7947.5,7952,7947.5,7951.75,53
03310437,7951.75,7952,7948.5,7950.0,34
03310438,7950,7951,7947.25,7948.25,30
03310439,7948.25,7953.5,7948.0,7948.5,108
03310440,7948.5,7953.5,7948.5,7952.5,58
03310441,7952.5,7952.5,7943.25,7944.25,117
03310442,7944.25,7948,7943.0,7944.75,58
03310443,7944.75,7944.75,7940.75,7942.25,81
03310444,7942.25,7943.75,7941.0,7942.5,50
03310445,7942.5,7942.5,7931.25,7932.75,88
03310446,7932.75,7933.5,7927.0,7927.75,159
03310447,7927.75,7929.5,7925.75,7927.5,112
03310448,7927.5,7928.25,7921.25,7923.25,159
03310449,7923.25,7929.75,7922.75,7929.0,97
03310450,7929,7930.75,7923.25,7926.75,135
03310451,7926.75,7928.75,7921.75,7924.25,93
03310452,7924.25,7924.25,7915.5,7917.75,131
03310453,7917.75,7929.25,7917.25,7928.25,182
03310454,7928.25,7930.75,7925.75,7927.75,103
03310455,7927.75,7930.75,7925.5,7930.75,63
03310456,7930.75,7937,7929.25,7934.5,188
03310457,7934.5,7935.25,7933.0,7933.0,49
03310458,7933,7939.75,7932.0,7938.0,100
03310459,7938,7938,7927.5,7929.0,140
03310500,7929,7932.75,7922.25,7923.75,128
03310501,7923.75,7929,7923.5,7927.25,78
03310502,7927.25,7928.5,7923.25,7928.5,52
03310503,7928.5,7931,7926.25,7927.75,49
03310504,7927.75,7928.5,7924.5,7924.5,30
03310505,7924.5,7925.5,7920.0,7921.25,112
03310506,7921.25,7926.75,7921.0,7926.5,48
03310507,7926.5,7926.5,7918.0,7919.75,73
03310508,7919.75,7922.25,7915.75,7920.25,114
03310509,7920.25,7925.25,7920.25,7921.75,75
03310510,7921.75,7924.25,7919.75,7922.0,46
03310511,7922,7922.5,7914.5,7915.5,178
03310512,7915.5,7921,7915.25,7921.0,146
03310513,7921,7922.75,7917.75,7920.5,90
03310514,7920.5,7925,7919.5,7921.75,71
03310515,7921.75,7921.75,7916.0,7917.0,12
03310516,7917,7917,7912.5,7913.75,13
03310517,7913.75,7913.75,7906.0,7907.0,81
03310518,7907,7911.75,7903.5,7908.5,165
03310519,7908.5,7909.25,7903.75,7904.0,105
03310520,7904,7908.25,7901.75,7903.75,176
03310521,7903.75,7906,7886.25,7890.75,322
03310522,7890.75,7899.75,7888.25,7896.75,268
03310523,7896.75,7900,7894.75,7896.25,159
03310524,7896.25,7897.5,7892.0,7894.0,179
03310525,7894,7896.75,7887.25,7896.75,254
03310526,7896.75,7899.5,7892.25,7894.75,210
03310527,7894.75,7901.25,7890.25,7892.5,206
03310528,7892.5,7895.75,7888.25,7888.25,109
03310529,7888.25,7893,7887.25,7889.5,93
03310530,7889.5,7892,7880.25,7882.0,247
03310531,7882,7884.25,7877.25,7884.0,304
03310532,7884,7889.75,7884.0,7888.5,175
03310533,7888.5,7888.75,7883.0,7886.75,218
03310534,7886.75,7894.25,7883.75,7893.0,198
03310535,7893,7895,7889.5,7890.0,185
03310536,7890,7891.25,7880.0,7881.75,194
03310537,7881.75,7887.25,7878.0,7878.5,166
03310538,7878.5,7880.5,7867.75,7869.75,328
03310539,7869.75,7881.75,7864.75,7878.0,411
03310540,7878,7883.25,7876.0,7882.75,178
03310541,7882.75,7888.5,7877.25,7887.75,140
03310542,7887.75,7890.25,7884.0,7886.75,184
03310543,7886.75,7897,7886.5,7896.0,250
03310544,7896,7898,7890.75,7898.0,129
03310545,7898,7904,7896.25,7897.0,269
03310546,7897,7898.5,7886.25,7892.25,252
03310547,7892.25,7894.5,7888.25,7888.25,65
03310548,7888.25,7898.75,7887.75,7895.25,89
03310549,7895.25,7896.25,7892.0,7896.0,68
03310550,7896,7896,7887.0,7892.0,108
03310551,7892,7896.75,7891.25,7893.75,65
03310552,7893.75,7896.25,7889.0,7891.75,109
03310553,7891.75,7896.25,7888.5,7889.25,121
03310554,7889.25,7889.5,7881.5,7882.75,154
03310555,7882.75,7887.25,7881.5,7887.0,73
03310556,7887,7892.25,7881.5,7883.5,97
03310557,7883.5,7883.75,7879.0,7881.0,101
03310558,7881,7882.5,7874.0,7874.5,200
03310559,7874.5,7876.25,7869.0,7872.25,120
03310600,7872.25,7877,7872.25,7873.25,154
03310601,7873.25,7875.5,7870.75,7875.5,130
03310602,7875.5,7876.5,7865.0,7865.0,179
03310603,7865,7871.5,7864.75,7870.25,153
03310604,7870.25,7870.25,7862.5,7864.25,154
03310605,7864.25,7868,7861.0,7867.0,127
03310606,7867,7877.5,7867.0,7873.75,235
03310607,7873.75,7876,7869.25,7871.25,100
03310608,7871.25,7874.25,7862.25,7862.25,109
03310609,7862.25,7863.25,7854.0,7856.75,258
03310610,7856.75,7861.25,7852.75,7855.5,272
03310611,7855.5,7858.25,7850.25,7857.75,202
03310612,7857.75,7864.75,7855.0,7863.25,170
03310613,7863.25,7864.75,7860.0,7860.5,132
03310614,7860.5,7861,7854.0,7856.5,149
03310615,7856.5,7860.5,7853.0,7859.0,200
03310616,7859,7864.75,7855.75,7863.75,139
03310617,7863.75,7865.75,7860.25,7865.0,134
03310618,7865,7867,7860.5,7867.0,159
03310619,7867,7869.75,7863.0,7869.25,144
03310620,7869.25,7873,7865.5,7871.5,194
03310621,7871.5,7877.5,7865.5,7868.0,267
03310622,7868,7869,7860.5,7863.0,209
03310623,7863,7864,7856.0,7856.0,193
03310624,7856,7860,7851.75,7858.5,238
03310625,7858.5,7865.25,7857.0,7861.75,122
03310626,7861.75,7861.75,7855.5,7857.25,107
03310627,7857.25,7865.25,7856.75,7864.5,104
03310628,7864.5,7866.25,7855.0,7860.0,209
03310629,7860,7862,7858.5,7859.75,101
03310630,7859.75,7865,7859.75,7861.75,95
03310631,7861.75,7864,7858.75,7861.75,135
03310632,7861.75,7870,7861.0,7864.5,129
03310633,7864.5,7867.75,7864.25,7867.0,68
03310634,7867,7869.75,7865.5,7868.5,123
03310635,7868.5,7870.5,7866.25,7867.25,101
03310636,7867.25,7870,7865.5,7870.0,73
03310637,7870,7870.75,7868.25,7869.0,57
03310638,7869,7870,7866.25,7868.25,62
03310639,7868.25,7869.5,7861.5,7861.5,130
03310640,7861.5,7864.5,7857.75,7864.5,119
03310641,7864.5,7867.5,7864.0,7865.25,81
03310642,7865.25,7866,7858.75,7859.25,74
03310643,7859.25,7859.75,7845.25,7845.75,255
03310644,7845.75,7848,7842.5,7846.0,225
03310645,7846,7850,7845.25,7848.0,190
03310646,7848,7849.25,7841.25,7842.25,176
03310647,7842.25,7849.5,7842.25,7848.5,138
03310648,7848.5,7849.75,7846.75,7848.0,92
03310649,7848,7855.5,7846.75,7855.5,172
03310650,7855.5,7860.5,7852.0,7854.0,193
03310651,7854,7861.25,7853.25,7861.0,90
03310652,7861,7863,7858.5,7859.25,84
03310653,7859.25,7860,7855.0,7856.25,82
03310654,7856.25,7858.75,7851.75,7852.75,66
03310655,7852.75,7857.5,7848.75,7853.75,131
03310656,7853.75,7862.75,7853.5,7862.75,175
03310657,7862.75,7865.75,7857.5,7862.25,173
03310658,7862.25,7867.5,7862.25,7862.25,109
03310659,7862.25,7863.75,7860.25,7862.0,80
03310700,7862,7865.75,7855.5,7855.75,251
03310701,7855.75,7855.75,7831.5,7833.5,606
03310702,7833.5,7836.75,7823.25,7833.5,695
03310703,7833.5,7838.25,7831.0,7835.0,239
03310704,7835,7838,7831.5,7833.0,187
03310705,7833,7835,7822.75,7823.5,263
03310706,7823.5,7828.25,7821.0,7825.0,265
03310707,7825,7825,7817.75,7822.0,358
03310708,7822,7822,7806.5,7811.5,485
03310709,7811.5,7819.5,7807.5,7816.5,421
03310710,7816.5,7825,7813.25,7824.25,272
03310711,7824.25,7825.25,7816.0,7819.0,183
03310712,7819,7823,7810.5,7810.75,223
03310713,7810.75,7813.5,7803.0,7806.0,359
03310714,7806,7809.5,7803.25,7804.5,167
03310715,7804.5,7809,7783.25,7789.0,1030
03310716,7789,7790.25,7784.25,7787.75,415
03310717,7787.75,7791.5,7776.0,7780.0,648
03310718,7780,7782.25,7775.75,7779.0,275
03310719,7779,7786.75,7778.75,7785.25,398
03310720,7785.25,7787.5,7782.5,7785.25,364
03310721,7785.25,7788,7782.25,7783.75,291
03310722,7783.75,7784.5,7764.25,7773.5,760
03310723,7773.5,7784.5,7772.5,7780.75,286
03310724,7780.75,7786,7779.25,7784.5,294
03310725,7784.5,7792.5,7784.25,7792.5,308
03310726,7792.5,7796.5,7787.0,7794.5,342
03310727,7794.5,7802,7794.0,7800.75,420
03310728,7800.75,7802.25,7797.5,7801.0,201
03310729,7801,7804,7792.75,7795.0,456
03310730,7795,7814.25,7795.0,7808.0,709
03310731,7808,7811.75,7803.25,7805.25,505
03310732,7805.25,7820.25,7805.25,7815.0,419
03310733,7815,7815.75,7805.75,7811.5,516
03310734,7811.5,7814,7804.0,7810.0,275
03310735,7810,7812,7804.5,7806.75,249
03310736,7806.75,7813.25,7805.25,7809.5,255
03310737,7809.5,7810.75,7802.5,7805.25,286
03310738,7805.25,7810,7804.75,7806.5,170
03310739,7806.5,7806.5,7790.75,7791.25,574
03310740,7791.25,7802.25,7791.25,7798.5,363
03310741,7798.5,7802.5,7795.0,7796.0,400
03310742,7796,7799.5,7793.25,7793.25,325
03310743,7793.25,7796,7788.0,7791.75,368
03310744,7791.75,7792.25,7784.25,7790.75,292
03310745,7790.75,7791.25,7775.5,7782.5,529
03310746,7782.5,7786.5,7781.5,7785.0,190
03310747,7785,7798.75,7783.75,7792.0,330
03310748,7792,7792.25,7784.25,7788.25,136
03310749,7788.25,7798,7786.5,7796.75,169
03310750,7796.75,7802.25,7793.25,7797.25,261
03310751,7797.25,7798,7793.0,7797.0,179
03310752,7797,7806,7796.75,7803.0,263
03310753,7803,7805,7801.0,7803.5,181
03310754,7803.5,7805.25,7796.5,7797.25,180
03310755,7797.25,7798.5,7786.25,7789.5,452
03310756,7789.5,7797.25,7789.5,7792.25,238
03310757,7792.25,7799.25,7790.5,7796.25,157
03310758,7796.25,7804.5,7796.25,7803.25,286
03310759,7803.25,7807.75,7801.0,7806.0,276
03310800,7806,7809,7800.5,7803.5,410
03310801,7803.5,7805.75,7801.25,7805.75,174
03310802,7805.75,7808.5,7805.25,7808.0,171
03310803,7808,7817.5,7808.0,7816.5,451
03310804,7816.5,7818,7813.0,7815.75,278
03310805,7815.75,7822.25,7815.25,7821.75,290
03310806,7821.75,7827,7818.75,7826.25,316
03310807,7826.25,7830.25,7823.0,7827.5,386
03310808,7827.5,7831.75,7825.75,7826.5,254
03310809,7826.5,7831.75,7822.75,7831.0,265
03310810,7831,7838.25,7830.5,7835.5,392
03310811,7835.5,7841.25,7831.5,7832.25,354
03310812,7832.25,7837.25,7828.75,7830.75,262
03310813,7830.75,7833.25,7828.0,7830.5,284
03310814,7830.5,7835.75,7825.25,7828.0,332
03310815,7828,7831.25,7825.5,7826.25,252
03310816,7826.25,7829.5,7824.25,7827.25,207
03310817,7827.25,7836,7827.25,7835.0,219
03310818,7835,7835.5,7828.75,7829.5,114
03310819,7829.5,7837,7829.5,7836.75,153
03310820,7836.75,7839.75,7835.75,7839.5,206
03310821,7839.5,7840.75,7836.25,7839.0,282
03310822,7839,7846.75,7837.25,7845.0,256
03310823,7845,7852.5,7843.25,7848.75,427
03310824,7848.75,7852.75,7846.0,7846.75,299
03310825,7846.75,7853,7836.25,7842.0,461
03310826,7842,7848.75,7839.75,7839.75,245
03310827,7839.75,7841.75,7834.75,7837.25,220
03310828,7837.25,7851.75,7833.25,7848.25,538
03310829,7848.25,7853.75,7842.0,7845.0,900
03310830,7845,7855,7826.25,7830.25,2310
03310831,7830.25,7838,7821.0,7837.5,1208
03310832,7837.5,7854.75,7828.5,7835.5,1538
03310833,7835.5,7837.25,7819.0,7828.5,1374
03310834,7828.5,7854.25,7825.0,7842.75,1592
03310835,7842.75,7858.75,7837.75,7851.5,1494
03310836,7851.5,7855.25,7843.5,7846.5,1065
03310837,7846.5,7848.75,7835.75,7844.25,907
03310838,7844.25,7845,7830.0,7833.5,909
03310839,7833.5,7852.5,7831.0,7841.5,838
03310840,7841.5,7852.5,7840.25,7848.25,749
03310841,7848.25,7862.5,7846.0,7859.25,911
03310842,7859.25,7868,7853.0,7867.25,945
03310843,7867.25,7874.75,7861.75,7864.5,1267
03310844,7864.5,7867.25,7848.25,7848.25,1023
03310845,7848.25,7851.75,7834.5,7837.5,1344
03310846,7837.5,7846,7833.25,7837.0,879
03310847,7837,7837,7820.25,7822.0,1325
03310848,7822,7831.75,7820.75,7825.75,732
03310849,7825.75,7828.25,7815.5,7817.0,1131
03310850,7817,7819.25,7809.0,7816.25,1055
03310851,7816.25,7826.5,7814.5,7821.75,1084
03310852,7821.75,7821.75,7804.25,7805.0,954
03310853,7805,7807,7797.0,7804.0,1141
03310854,7804,7811.75,7800.25,7805.25,911
03310855,7805.25,7814.25,7803.25,7814.25,814
03310856,7814.25,7818.25,7808.5,7816.75,1023
03310857,7816.75,7824.5,7809.25,7823.25,679
03310858,7823.25,7832.75,7818.0,7832.75,1109
03310859,7832.75,7835,7821.75,7823.5,700
03310900,7823.5,7844.5,7819.0,7839.75,995
03310901,7839.75,7841.75,7832.25,7833.25,821
03310902,7833.25,7848,7833.25,7846.75,830
03310903,7846.75,7852.5,7842.5,7846.75,771
03310904,7846.75,7861.25,7846.25,7856.0,722
03310905,7856,7868.25,7855.0,7865.75,785
03310906,7865.75,7880.25,7864.75,7875.75,969
03310907,7875.75,7886.25,7875.0,7878.5,986
03310908,7878.5,7885.5,7877.5,7879.0,775
03310909,7879,7885.75,7877.0,7879.25,988
03310910,7879.25,7901.5,7879.25,7901.25,1360
03310911,7901.25,7911,7899.25,7910.25,1466
03310912,7910.25,7910.25,7901.25,7906.75,938
03310913,7906.75,7925.75,7906.5,7923.5,1534
03310914,7923.5,7940,7923.25,7938.0,1578
03310915,7938,7945.5,7929.5,7945.5,1536
03310916,7945.5,7945.5,7929.5,7931.5,1142
03310917,7931.5,7950,7927.5,7947.75,1322
03310918,7947.75,7955.5,7944.5,7950.5,1326
03310919,7950.5,7964.5,7946.75,7961.75,1154
03310920,7961.75,7969.25,7953.25,7968.5,1100
03310921,7968.5,7973.75,7965.5,7969.5,1322
03310922,7969.5,7969.5,7954.5,7954.5,1154
03310923,7954.5,7966.75,7953.5,7964.5,1021
03310924,7964.5,7970.25,7961.75,7966.5,961
03310925,7966.5,7968.25,7950.5,7953.25,1060
03310926,7953.25,7957.5,7944.75,7946.5,1309
03310927,7946.5,7948.75,7941.0,7944.5,788
03310928,7944.5,7955,7943.25,7949.25,908
03310929,7949.25,7961.25,7946.0,7957.75,1061
03310930,7957.75,7968.5,7956.25,7965.75,833
03310931,7965.75,7980,7965.75,7978.5,1156
03310932,7978.5,7985.25,7969.0,7985.25,1199
03310933,7985.25,7986,7968.5,7977.0,994
03310934,7977,7977,7960.25,7966.0,835
03310935,7966,7974,7963.25,7970.0,772
03310936,7970,7982,7969.0,7978.0,862
03310937,7978,7985.25,7975.0,7980.25,705
03310938,7980.25,7991.75,7976.75,7991.25,1077
03310939,7991.25,7991.75,7981.25,7982.75,991
03310940,7982.75,7995,7982.25,7993.25,935
03310941,7993.25,7994,7984.5,7988.25,670
03310942,7988.25,7991.25,7973.5,7976.25,1126
03310943,7976.25,7981.5,7972.5,7977.25,712
03310944,7977.25,7981,7970.5,7971.25,633
03310945,7971.25,7971.5,7960.5,7964.25,1078
03310946,7964.25,7969.75,7960.75,7968.0,777
03310947,7968,7981,7965.75,7978.25,851
03310948,7978.25,7982.75,7971.5,7975.5,727
03310949,7975.5,7976.25,7967.0,7970.0,641
03310950,7970,7976.25,7960.0,7976.25,932
03310951,7976.25,7980.5,7971.0,7973.5,775
03310952,7973.5,7979.5,7963.75,7977.5,683
03310953,7977.5,7978.5,7964.0,7969.0,758
03310954,7969,7969.25,7953.75,7961.0,848
03310955,7961,7971.75,7953.0,7971.5,871
03310956,7971.5,7973,7956.0,7958.5,1100
03310957,7958.5,7961.75,7945.75,7946.75,722
03310958,7946.75,7950.75,7939.5,7942.5,795
03310959,7942.5,7944.5,7932.5,7934.5,995
03311000,7934.5,7939,7921.0,7921.75,1098
03311001,7921.75,7925.5,7918.25,7924.5,1161
03311002,7924.5,7934,7922.5,7930.0,1220
03311003,7930,7930.25,7906.75,7910.0,1243
03311004,7910,7921.25,7910.0,7918.75,808
03311005,7918.75,7927.5,7918.0,7923.25,949
03311006,7923.25,7938.75,7922.5,7936.5,1151
03311007,7936.5,7936.5,7926.0,7935.5,804
03311008,7935.5,7942,7933.0,7940.0,1044
03311009,7940,7943,7930.25,7938.75,770
03311010,7938.75,7949,7938.0,7945.5,797
03311011,7945.5,7951.25,7943.5,7951.0,629
03311012,7951,7951.25,7946.5,7950.25,367
03311013,7950.25,7950.25,7944.25,7945.0,544
03311014,7945,7950.25,7935.5,7945.25,752
03311015,7945.25,7959.25,7942.25,7957.75,909
03311016,7957.75,7962.25,7955.0,7959.25,991
03311017,7959.25,7959.5,7949.75,7952.75,713
03311018,7952.75,7954,7938.75,7941.5,791
03311019,7941.5,7942,7931.25,7937.0,832
03311020,7937,7949.25,7936.5,7944.25,618
03311021,7944.25,7954.75,7939.75,7943.0,705
03311022,7943,7943,7926.5,7928.5,880
03311023,7928.5,7939,7923.75,7939.0,733
03311024,7939,7941.5,7925.75,7932.5,747
03311025,7932.5,7943.25,7929.25,7940.0,626
03311026,7940,7947.75,7938.0,7945.25,599
03311027,7945.25,7955,7944.5,7951.5,845
03311028,7951.5,7955.5,7948.0,7954.25,452
03311029,7954.25,7961.5,7952.25,7957.75,901
03311030,7957.75,7966.5,7957.0,7965.75,889
03311031,7965.75,7965.75,7949.5,7954.5,856
03311032,7954.5,7959.25,7947.5,7956.25,671
03311033,7956.25,7964.25,7952.25,7964.0,670
03311034,7964,7964.25,7957.25,7963.25,613
03311035,7963.25,7969.5,7955.25,7962.25,1083
03311036,7962.25,7967.75,7957.5,7960.0,510
03311037,7960,7965.25,7949.5,7951.25,601
03311038,7951.25,7956,7940.5,7945.5,950
03311039,7945.5,7947,7940.5,7943.75,645
03311040,7943.75,7956.25,7942.5,7955.75,580
03311041,7955.75,7962,7950.5,7959.75,532
03311042,7959.75,7963.75,7957.25,7958.0,336
03311043,7958,7962,7955.25,7957.25,441
03311044,7957.25,7957.75,7948.0,7953.75,621
03311045,7953.75,7954.25,7945.25,7951.0,464
03311046,7951,7952,7945.5,7946.0,389
03311047,7946,7946,7933.25,7940.5,1000
03311048,7940.5,7940.5,7934.0,7934.5,465
03311049,7934.5,7936.75,7925.75,7935.5,808
03311050,7935.5,7946,7932.25,7940.75,566
03311051,7940.75,7949,7938.5,7940.25,482
03311052,7940.25,7945.75,7932.75,7935.5,464
03311053,7935.5,7936,7924.0,7926.75,728
03311054,7926.75,7935.75,7919.25,7921.5,506
03311055,7921.5,7924.75,7912.75,7915.5,827
03311056,7915.5,7922.75,7911.25,7922.5,684
03311057,7922.5,7931.75,7919.5,7930.0,427
03311058,7930,7930.5,7921.75,7926.25,403
03311059,7926.25,7937.25,7925.5,7932.0,655
03311100,7932,7936,7915.5,7916.5,687
03311101,7916.5,7924.25,7914.0,7923.0,458
03311102,7923,7925.75,7915.5,7918.5,380
03311103,7918.5,7922,7912.0,7912.25,370
03311104,7912.25,7919,7905.0,7909.25,757
03311105,7909.25,7919,7907.5,7919.0,487
03311106,7919,7924.75,7917.5,7922.0,629
03311107,7922,7930.75,7918.0,7928.75,564
03311108,7928.75,7931.25,7923.5,7925.75,479
03311109,7925.75,7938.25,7924.75,7937.75,770
03311110,7937.75,7940,7933.75,7939.5,619
03311111,7939.5,7940,7927.25,7934.25,629
03311112,7934.25,7936.5,7930.0,7934.5,388
03311113,7934.5,7934.5,7925.5,7929.0,354
03311114,7929,7930.75,7921.0,7921.25,490
03311115,7921.25,7928.5,7921.25,7925.0,307
03311116,7925,7925.75,7912.5,7915.25,466
03311117,7915.25,7920.5,7915.25,7919.75,305
03311118,7919.75,7920,7906.75,7908.5,666
03311119,7908.5,7908.5,7899.5,7905.0,896
03311120,7905,7908,7891.0,7891.25,927
03311121,7891.25,7896.25,7887.5,7889.5,766
03311122,7889.5,7894.75,7888.0,7892.25,583
03311123,7892.25,7896,7887.75,7893.75,586
03311124,7893.75,7894.75,7888.5,7888.5,373
03311125,7888.5,7889,7872.75,7874.5,1203
03311126,7874.5,7877.5,7860.75,7866.25,1126
03311127,7866.25,7872.75,7858.75,7859.75,821
03311128,7859.75,7867.5,7853.75,7863.25,912
03311129,7863.25,7873,7860.75,7872.0,515
03311130,7872,7873.5,7862.25,7865.5,596
03311131,7865.5,7868.25,7854.5,7858.0,707
03311132,7858,7865,7847.25,7851.5,1363
03311133,7851.5,7853,7840.5,7847.75,1022
03311134,7847.75,7857.25,7845.0,7853.0,967
03311135,7853,7855.75,7844.25,7852.75,869
03311136,7852.75,7855.25,7842.25,7845.0,652
03311137,7845,7853.5,7843.75,7851.0,458
03311138,7851,7852.75,7826.0,7832.5,1156
03311139,7832.5,7832.5,7815.25,7828.0,1459
03311140,7828,7839.5,7825.25,7837.5,989
03311141,7837.5,7846.25,7833.0,7845.75,762
03311142,7845.75,7849.5,7839.75,7846.25,669
03311143,7846.25,7855.25,7845.5,7851.25,609
03311144,7851.25,7855.5,7846.5,7847.5,556
03311145,7847.5,7852.75,7839.5,7848.0,622
03311146,7848,7853.5,7844.75,7847.5,458
03311147,7847.5,7859.75,7846.5,7857.25,641
03311148,7857.25,7867.75,7857.0,7867.25,715
03311149,7867.25,7868.75,7862.75,7866.5,442
03311150,7866.5,7867,7855.25,7862.75,633
03311151,7862.75,7863.5,7857.25,7862.25,416
03311152,7862.25,7868,7861.75,7866.25,446
03311153,7866.25,7872.5,7858.5,7872.0,512
03311154,7872,7880.5,7867.75,7878.5,883
03311155,7878.5,7878.75,7864.0,7869.0,763
03311156,7869,7871.25,7859.5,7861.75,536
03311157,7861.75,7864.5,7848.0,7849.0,731
03311158,7849,7851.75,7845.5,7850.5,550
03311159,7850.5,7852.25,7841.75,7845.0,685
03311200,7845,7857.75,7841.75,7852.0,580
03311201,7852,7866,7852.0,7859.75,725
03311202,7859.75,7870,7856.5,7866.75,637
03311203,7866.75,7867.5,7858.25,7858.25,581
03311204,7858.25,7862,7843.25,7843.75,624
03311205,7843.75,7854,7836.25,7849.0,1073
03311206,7849,7854.5,7842.0,7842.5,522
03311207,7842.5,7851,7842.5,7846.0,474
03311208,7846,7846.75,7830.0,7833.5,825
03311209,7833.5,7858.5,7833.5,7855.25,721
03311210,7855.25,7856.5,7849.75,7852.75,593
03311211,7852.75,7869.25,7847.5,7862.25,851
03311212,7862.25,7864,7851.75,7858.25,518
03311213,7858.25,7859.5,7846.5,7852.5,588
03311214,7852.5,7862.25,7852.5,7854.25,547
03311215,7854.25,7855,7843.5,7854.0,627
03311216,7854,7854.75,7836.25,7848.25,623
03311217,7848.25,7852,7839.5,7845.0,541
03311218,7845,7850,7838.0,7838.5,437
03311219,7838.5,7846.75,7836.25,7840.75,473
03311220,7840.75,7843.25,7826.75,7827.75,699
03311221,7827.75,7830.25,7811.0,7816.75,1116
03311222,7816.75,7829,7814.75,7826.75,813
03311223,7826.75,7832.25,7822.5,7830.25,575
03311224,7830.25,7830.25,7820.25,7824.0,399
03311225,7824,7839,7823.25,7835.75,567
03311226,7835.75,7841.75,7831.25,7841.25,585
03311227,7841.25,7841.25,7832.5,7840.5,386
03311228,7840.5,7841.75,7825.75,7833.0,540
03311229,7833,7835.75,7827.5,7834.75,432
03311230,7834.75,7836.75,7816.75,7830.0,819
03311231,7830,7843.5,7829.75,7839.75,806
03311232,7839.75,7857.5,7836.25,7852.25,1076
03311233,7852.25,7852.75,7843.5,7845.0,506
03311234,7845,7850.75,7841.0,7844.75,495
03311235,7844.75,7853.25,7842.0,7849.5,401
03311236,7849.5,7863,7848.0,7862.5,644
03311237,7862.5,7865,7855.75,7864.25,565
03311238,7864.25,7866,7854.0,7856.5,491
03311239,7856.5,7866.5,7854.75,7859.25,408
03311240,7859.25,7865.5,7858.5,7862.0,348
03311241,7862,7864.75,7857.5,7859.5,563
03311242,7859.5,7872.5,7858.75,7872.5,568
03311243,7872.5,7875.25,7868.0,7868.5,555
03311244,7868.5,7870.75,7856.5,7858.0,539
03311245,7858,7872,7858.0,7866.75,455
03311246,7866.75,7874.75,7865.25,7872.0,376
03311247,7872,7876.5,7865.0,7870.5,498
03311248,7870.5,7877.5,7866.25,7874.25,382
03311249,7874.25,7876,7870.25,7872.5,356
03311250,7872.5,7874,7863.0,7865.5,577
03311251,7865.5,7869.25,7854.0,7857.5,731
03311252,7857.5,7858.5,7852.5,7857.5,388
03311253,7857.5,7874.25,7857.0,7868.25,462
03311254,7868.25,7869,7855.0,7857.5,499
03311255,7857.5,7869,7856.25,7863.5,543
03311256,7863.5,7883,7861.25,7882.25,1028
03311257,7882.25,7883,7873.5,7882.0,774
03311258,7882,7892.5,7882.0,7887.25,736
03311259,7887.25,7891.5,7883.25,7884.5,438
03311300,7884.5,7887.75,7875.0,7876.5,803
03311301,7876.5,7883.25,7876.0,7880.0,491
03311302,7880,7883.75,7875.25,7877.0,595
03311303,7877,7884.25,7871.5,7871.75,501
03311304,7871.75,7879,7871.75,7877.75,452
03311305,7877.75,7883,7871.75,7875.0,511
03311306,7875,7877.5,7863.75,7864.75,593
03311307,7864.75,7876.25,7864.75,7874.0,337
03311308,7874,7882.25,7869.25,7882.25,442
03311309,7882.25,7890,7881.0,7884.0,623
03311310,7884,7885.25,7874.25,7883.5,550
03311311,7883.5,7884.5,7876.5,7879.0,298
03311312,7879,7882,7873.25,7880.75,313
03311313,7880.75,7883.25,7873.75,7878.25,372
03311314,7878.25,7878.75,7859.0,7859.75,739
03311315,7859.75,7867.5,7852.25,7853.0,604
03311316,7853,7855.5,7845.5,7847.75,791
03311317,7847.75,7851.75,7843.75,7847.75,566
03311318,7847.75,7849.75,7842.5,7849.5,466
03311319,7849.5,7857.75,7847.25,7853.75,463
03311320,7853.75,7856.75,7849.0,7853.0,347
03311321,7853,7856.5,7848.25,7849.0,453
03311322,7849,7862.5,7849.0,7860.75,359
03311323,7860.75,7864.75,7856.5,7860.0,419
03311324,7860,7860.5,7850.5,7855.5,327
03311325,7855.5,7864,7853.0,7861.5,367
03311326,7861.5,7867.75,7855.75,7855.75,442
03311327,7855.75,7864.75,7855.75,7864.25,290
03311328,7864.25,7866,7860.25,7861.25,249
03311329,7861.25,7871,7859.5,7868.75,429
03311330,7868.75,7868.75,7861.0,7864.5,338
03311331,7864.5,7866,7861.25,7861.5,222
03311332,7861.5,7862.5,7852.0,7862.5,354
03311333,7862.5,7871.5,7857.25,7868.25,437
03311334,7868.25,7874.75,7865.25,7867.25,402
03311335,7867.25,7873.25,7864.0,7867.25,376
03311336,7867.25,7870.25,7864.75,7868.5,218
03311337,7868.5,7875.5,7867.75,7874.25,330
03311338,7874.25,7887,7873.25,7880.75,737
03311339,7880.75,7883.25,7876.0,7878.75,551
03311340,7878.75,7881.75,7874.25,7875.5,491
03311341,7875.5,7880,7870.25,7872.25,326
03311342,7872.25,7879.75,7872.25,7877.0,419
03311343,7877,7880.25,7871.0,7873.25,303
03311344,7873.25,7879.5,7867.5,7869.75,455
03311345,7869.75,7872,7839.75,7850.0,1099
03311346,7850,7853.75,7847.5,7852.5,573
03311347,7852.5,7864,7851.0,7862.5,705
03311348,7862.5,7866.75,7857.25,7858.75,443
03311349,7858.75,7859.75,7847.5,7857.5,479
03311350,7857.5,7861.25,7853.0,7857.25,404
03311351,7857.25,7872.25,7857.25,7867.25,490
03311352,7867.25,7876.25,7865.75,7868.0,601
03311353,7868,7871,7859.75,7867.5,553
03311354,7867.5,7867.75,7854.0,7863.0,380
03311355,7863,7863.5,7857.25,7860.75,352
03311356,7860.75,7870.75,7855.25,7869.0,682
03311357,7869,7874.75,7865.75,7868.25,462
03311358,7868.25,7868.25,7856.0,7862.75,427
03311359,7862.75,7863.75,7855.5,7858.25,436
03311400,7858.25,7870.25,7858.0,7868.5,505
03311401,7868.5,7877.75,7864.0,7871.75,588
03311402,7871.75,7873.5,7862.75,7864.25,434
03311403,7864.25,7868.5,7855.75,7861.0,524
03311404,7861,7861.25,7845.75,7848.5,624
03311405,7848.5,7856.5,7847.75,7855.0,418
03311406,7855,7855,7837.0,7842.75,903
03311407,7842.75,7848.25,7835.75,7836.5,513
03311408,7836.5,7842,7835.0,7840.75,422
03311409,7840.75,7847,7839.75,7844.0,436
03311410,7844,7844.75,7833.5,7834.25,503
03311411,7834.25,7837.5,7822.5,7823.0,712
03311412,7823,7824.75,7816.5,7819.25,751
03311413,7819.25,7819.25,7811.5,7812.0,535
03311414,7812,7813,7792.0,7803.5,1114
03311415,7803.5,7813,7800.5,7809.5,849
03311416,7809.5,7810.25,7799.0,7801.75,595
03311417,7801.75,7814,7799.0,7807.25,684
03311418,7807.25,7810,7794.0,7798.25,616
03311419,7798.25,7803.75,7780.75,7785.25,1018
03311420,7785.25,7792.25,7774.5,7775.25,1060
03311421,7775.25,7779.5,7770.5,7774.25,995
03311422,7774.25,7776.5,7758.0,7762.75,1002
03311423,7762.75,7769.25,7759.0,7760.75,676
03311424,7760.75,7762.5,7747.5,7749.25,1093
03311425,7749.25,7773.75,7748.75,7772.25,1473
03311426,7772.25,7782.75,7765.0,7766.5,1239
03311427,7766.5,7777.25,7765.75,7773.5,720
03311428,7773.5,7775.5,7761.0,7771.25,877
03311429,7771.25,7773.75,7757.75,7758.5,771
03311430,7758.5,7780,7757.5,7771.25,946
03311431,7771.25,7780,7767.25,7771.25,712
03311432,7771.25,7779.5,7768.75,7770.75,516
03311433,7770.75,7786.75,7770.75,7783.75,835
03311434,7783.75,7799,7783.0,7797.75,946
03311435,7797.75,7800.5,7780.75,7787.25,819
03311436,7787.25,7795,7782.5,7793.25,625
03311437,7793.25,7808.5,7791.75,7802.25,658
03311438,7802.25,7808,7798.0,7802.25,546
03311439,7802.25,7813.5,7801.0,7805.5,735
03311440,7805.5,7818,7805.5,7812.25,725
03311441,7812.25,7813.75,7806.0,7809.0,392
03311442,7809,7813.25,7786.75,7800.5,922
03311443,7800.5,7816.75,7800.5,7814.25,579
03311444,7814.25,7820,7804.5,7811.25,739
03311445,7811.25,7813.25,7797.0,7805.75,801
03311446,7805.75,7813.5,7800.75,7803.75,670
03311447,7803.75,7813,7792.0,7795.5,824
03311448,7795.5,7799.75,7778.75,7778.75,933
03311449,7778.75,7780.5,7760.5,7764.5,1417
03311450,7764.5,7803,7757.5,7791.75,3450
03311451,7791.75,7803.25,7777.5,7778.75,1326
03311452,7778.75,7791.25,7777.75,7782.25,980
03311453,7782.25,7799.25,7774.5,7792.25,1415
03311454,7792.25,7807.75,7772.5,7805.0,2281
03311455,7805,7814.25,7787.5,7799.75,1825
03311456,7799.75,7810.75,7799.75,7806.25,1097
03311457,7806.25,7808.75,7792.5,7796.25,1157
03311458,7796.25,7799.75,7787.5,7789.25,1953
03311459,7789.25,7801.25,7775.5,7797.25,5695
03311500,7797.25,7804,7774.25,7776.5,1989
03311501,7776.5,7783,7773.25,7779.25,578
03311502,7779.25,7782.5,7776.25,7777.5,355
03311503,7777.5,7780,7772.75,7773.25,390
03311504,7773.25,7774,7769.0,7771.75,376
03311505,7771.75,7776,7771.25,7774.25,292
03311506,7774.25,7777.5,7770.5,7776.0,370
03311507,7776,7779,7774.0,7778.25,304
03311508,7778.25,7782.75,7776.75,7780.75,477
03311509,7780.75,7785.75,7779.5,7782.5,244
03311510,7782.5,7784.25,7777.75,7783.0,254
03311511,7783,7784.5,7774.25,7779.75,409
03311512,7779.75,7779.75,7774.5,7775.75,239
03311513,7775.75,7777.5,7771.0,7774.75,465
03311514,7774.75,7776.5,7767.5,7768.0,731
03311530,7768,7774.25,7761.25,7774.0,376
03311531,7774,7777.5,7772.0,7776.75,166
03311532,7776.75,7777,7767.75,7768.5,59
03311533,7768.5,7771.75,7764.5,7765.75,101
03311534,7765.75,7767.25,7761.25,7761.25,118
03311535,7761.25,7762,7756.25,7760.25,213
03311536,7760.25,7767,7760.25,7764.0,115
03311537,7764,7769,7761.5,7766.25,118
03311538,7766.25,7777,7765.0,7777.0,113
03311539,7777,7783.25,7776.75,7782.0,137
03311540,7782,7786.25,7780.0,7786.0,109
03311541,7786,7789.25,7785.25,7789.0,58
03311542,7789,7790.25,7786.75,7788.0,64
03311543,7788,7788.25,7782.5,7785.0,89
03311544,7785,7786.25,7783.75,7784.0,11
03311545,7784,7785,7782.5,7783.75,21
03311546,7783.75,7784.25,7782.25,7783.75,25
03311547,7783.75,7786.75,7783.0,7786.5,92
03311548,7786.5,7787.75,7786.0,7786.75,51
03311549,7786.75,7787.75,7784.0,7784.75,75
03311550,7784.75,7786.25,7784.25,7784.5,37
03311551,7784.5,7785.75,7781.75,7781.75,35
03311552,7781.75,7782.25,7779.75,7780.5,55
03311553,7780.5,7781.75,7778.75,7779.75,96
03311554,7779.75,7783.75,7779.0,7783.25,75
03311555,7783.25,7784.25,7779.5,7782.75,60
03311556,7782.75,7782.75,7780.0,7782.5,58
03311557,7782.5,7784.5,7781.5,7783.5,69
03311558,7783.5,7783.75,7780.0,7781.25,79
03311559,7781.25,7784.25,7778.0,7781.75,212
03311600,7781.75,7781.75,7781.75,7781.75,0
03311601,7781.75,7781.75,7781.75,7781.75,0
03311602,7781.75,7781.75,7781.75,7781.75,0
03311603,7781.75,7781.75,7781.75,7781.75,0
03311604,7781.75,7781.75,7781.75,7781.75,0
03311605,7781.75,7781.75,7781.75,7781.75,0
03311606,7781.75,7781.75,7781.75,7781.75,0
03311607,7781.75,7781.75,7781.75,7781.75,0
03311608,7781.75,7781.75,7781.75,7781.75,0
03311609,7781.75,7781.75,7781.75,7781.75,0
03311610,7781.75,7781.75,7781.75,7781.75,0
03311611,7781.75,7781.75,7781.75,7781.75,0
03311612,7781.75,7781.75,7781.75,7781.75,0
03311613,7781.75,7781.75,7781.75,7781.75,0
03311614,7781.75,7781.75,7781.75,7781.75,0
03311615,7781.75,7781.75,7781.75,7781.75,0
03311616,7781.75,7781.75,7781.75,7781.75,0
03311617,7781.75,7781.75,7781.75,7781.75,0
03311618,7781.75,7781.75,7781.75,7781.75,0
03311619,7781.75,7781.75,7781.75,7781.75,0
03311620,7781.75,7781.75,7781.75,7781.75,0
03311621,7781.75,7781.75,7781.75,7781.75,0
03311622,7781.75,7781.75,7781.75,7781.75,0
03311623,7781.75,7781.75,7781.75,7781.75,0
03311624,7781.75,7781.75,7781.75,7781.75,0
03311625,7781.75,7781.75,7781.75,7781.75,0
03311626,7781.75,7781.75,7781.75,7781.75,0
03311627,7781.75,7781.75,7781.75,7781.75,0
03311628,7781.75,7781.75,7781.75,7781.75,0
03311629,7781.75,7781.75,7781.75,7781.75,0
03311630,7781.75,7781.75,7781.75,7781.75,0
03311631,7781.75,7781.75,7781.75,7781.75,0
03311632,7781.75,7781.75,7781.75,7781.75,0
03311633,7781.75,7781.75,7781.75,7781.75,0
03311634,7781.75,7781.75,7781.75,7781.75,0
03311635,7781.75,7781.75,7781.75,7781.75,0
03311636,7781.75,7781.75,7781.75,7781.75,0
03311637,7781.75,7781.75,7781.75,7781.75,0
03311638,7781.75,7781.75,7781.75,7781.75,0
03311639,7781.75,7781.75,7781.75,7781.75,0
03311640,7781.75,7781.75,7781.75,7781.75,0
03311641,7781.75,7781.75,7781.75,7781.75,0
03311642,7781.75,7781.75,7781.75,7781.75,0
03311643,7781.75,7781.75,7781.75,7781.75,0
03311644,7781.75,7781.75,7781.75,7781.75,0
03311645,7781.75,7781.75,7781.75,7781.75,0
03311646,7781.75,7781.75,7781.75,7781.75,0
03311647,7781.75,7781.75,7781.75,7781.75,0
03311648,7781.75,7781.75,7781.75,7781.75,0
03311649,7781.75,7781.75,7781.75,7781.75,0
03311650,7781.75,7781.75,7781.75,7781.75,0
03311651,7781.75,7781.75,7781.75,7781.75,0
03311652,7781.75,7781.75,7781.75,7781.75,0
03311653,7781.75,7781.75,7781.75,7781.75,0
03311654,7781.75,7781.75,7781.75,7781.75,0
03311655,7781.75,7781.75,7781.75,7781.75,0
03311656,7781.75,7781.75,7781.75,7781.75,0
03311657,7781.75,7781.75,7781.75,7781.75,0
03311658,7781.75,7781.75,7781.75,7781.75,0
03311659,7781.75,7781.75,7781.75,7781.75,0
03311700,7781.75,7781.75,7772.5,7772.5,12
