11091700,11863.5,11876.25,11859.5,11865.25,482
11091701,11865.25,11880.75,11865.25,11878.5,313
11091702,11878.5,11878.5,11867.25,11869.5,141
11091703,11869.5,11871,11863.0,11867.5,160
11091704,11867.5,11879.75,11867.5,11879.75,173
11091705,11879.75,11887.75,11879.75,11882.25,271
11091706,11882.25,11884.75,11873.5,11877.25,95
11091707,11877.25,11877.25,11868.5,11875.0,131
11091708,11875,11876.5,11872.5,11874.0,64
11091709,11874,11875,11869.25,11873.0,77
11091710,11873,11876.25,11869.25,11869.25,64
11091711,11869.25,11881.5,11869.25,11880.0,126
11091712,11880,11886,11878.0,11878.25,250
11091713,11878.25,11887,11878.25,11884.25,100
11091714,11884.25,11886.25,11882.0,11884.25,65
11091715,11884.25,11888,11884.25,11885.5,99
11091716,11885.5,11887.5,11883.5,11883.5,136
11091717,11883.5,11892.75,11883.5,11891.5,160
11091718,11891.5,11896,11887.5,11889.75,263
11091719,11889.75,11891.5,11887.25,11889.25,108
11091720,11889.25,11901.25,11889.25,11895.25,381
11091721,11895.25,11901.5,11894.0,11895.0,183
11091722,11895,11897.25,11891.0,11895.0,70
11091723,11895,11897.5,11891.75,11897.5,66
11091724,11897.5,11899.5,11893.75,11896.25,69
11091725,11896.25,11897,11892.0,11895.75,91
11091726,11895.75,11895.75,11893.5,11895.0,17
11091727,11895,11896.25,11890.0,11891.75,62
11091728,11891.75,11893,11890.0,11892.25,56
11091729,11892.25,11892.25,11886.25,11892.0,105
11091730,11892,11898.25,11892.0,11896.25,100
11091731,11896.25,11897.5,11886.75,11889.25,80
11091732,11889.25,11890.75,11887.75,11888.5,82
11091733,11888.5,11890.5,11887.25,11889.5,51
11091734,11889.5,11894,11889.0,11892.0,54
11091735,11892,11894,11891.0,11892.25,39
11091736,11892.25,11894.75,11890.5,11893.5,29
11091737,11893.5,11893.5,11891.5,11892.5,33
11091738,11892.5,11892.5,11889.0,11891.75,41
11091739,11891.75,11891.75,11886.75,11889.0,57
11091740,11889,11889,11882.25,11883.0,142
11091741,11883,11885,11881.0,11884.5,87
11091742,11884.5,11884.75,11881.25,11882.75,85
11091743,11882.75,11883.5,11880.75,11880.75,37
11091744,11880.75,11884,11877.25,11884.0,154
11091745,11884,11885,11881.75,11884.25,87
11091746,11884.25,11884.5,11879.25,11881.75,76
11091747,11881.75,11886,11881.0,11881.5,84
11091748,11881.5,11881.75,11876.0,11878.5,97
11091749,11878.5,11880.25,11877.25,11878.5,51
11091750,11878.5,11882.25,11875.0,11876.5,173
11091751,11876.5,11879,11873.0,11876.0,102
11091752,11876,11876.25,11864.0,11865.5,222
11091753,11865.5,11865.5,11856.75,11860.75,269
11091754,11860.75,11864.75,11855.75,11857.25,166
11091755,11857.25,11864.75,11857.25,11864.25,131
11091756,11864.25,11864.5,11855.25,11856.25,138
11091757,11856.25,11861.5,11853.25,11854.75,130
11091758,11854.75,11857.25,11850.75,11852.5,234
11091759,11852.5,11857.75,11850.25,11854.75,133
11091800,11854.75,11859.75,11848.5,11850.0,372
11091801,11850,11861.5,11846.5,11851.25,361
11091802,11851.25,11852,11840.0,11848.25,386
11091803,11848.25,11858,11845.25,11855.25,304
11091804,11855.25,11859.75,11851.25,11859.5,152
11091805,11859.5,11859.5,11851.5,11851.75,131
11091806,11851.75,11861.75,11851.0,11857.0,196
11091807,11857,11864,11856.25,11858.25,97
11091808,11858.25,11858.5,11847.75,11851.0,152
11091809,11851,11859.25,11851.0,11859.25,66
11091810,11859.25,11859.25,11851.0,11854.0,144
11091811,11854,11857,11850.25,11853.5,181
11091812,11853.5,11854.75,11849.5,11850.75,90
11091813,11850.75,11855,11848.0,11849.75,85
11091814,11849.75,11857.75,11849.75,11854.75,87
11091815,11854.75,11854.75,11842.0,11846.75,212
11091816,11846.75,11852.5,11843.0,11844.25,234
11091817,11844.25,11848.5,11836.75,11838.5,145
11091818,11838.5,11841,11836.25,11839.0,134
11091819,11839,11841.25,11802.25,11811.25,1057
11091820,11811.25,11822.75,11804.75,11819.75,596
11091821,11819.75,11825.25,11818.0,11818.0,231
11091822,11818,11818.75,11812.25,11815.75,184
11091823,11815.75,11816.5,11805.25,11806.0,313
11091824,11806,11808,11790.25,11792.75,599
11091825,11792.75,11802.5,11791.25,11800.75,383
11091826,11800.75,11808.75,11798.5,11800.0,247
11091827,11800,11805.25,11794.25,11803.75,277
11091828,11803.75,11807.5,11797.25,11798.5,148
11091829,11798.5,11807,11797.5,11804.0,118
11091830,11804,11811.25,11801.5,11806.0,180
11091831,11806,11818,11800.0,11813.0,214
11091832,11813,11816.5,11811.0,11813.25,152
11091833,11813.25,11815.5,11811.75,11812.25,88
11091834,11812.25,11815,11810.75,11813.0,95
11091835,11813,11816,11808.0,11809.75,139
11091836,11809.75,11811.25,11803.75,11811.25,159
11091837,11811.25,11812.5,11804.5,11807.0,129
11091838,11807,11813,11806.25,11811.0,87
11091839,11811,11815,11808.75,11814.0,102
11091840,11814,11815.5,11811.0,11812.0,109
11091841,11812,11817,11811.25,11816.0,85
11091842,11816,11816,11807.25,11810.0,91
11091843,11810,11812,11806.25,11811.75,59
11091844,11811.75,11811.75,11807.0,11808.75,40
11091845,11808.75,11814.5,11808.0,11812.25,83
11091846,11812.25,11816.75,11811.25,11815.0,85
11091847,11815,11817,11813.25,11816.0,66
11091848,11816,11818,11814.0,11817.0,130
11091849,11817,11821,11816.0,11818.75,247
11091850,11818.75,11820.25,11816.0,11820.0,82
11091851,11820,11820,11816.0,11817.5,54
11091852,11817.5,11820.5,11817.25,11819.75,72
11091853,11819.75,11824.5,11819.25,11822.25,131
11091854,11822.25,11832.5,11819.0,11828.5,301
11091855,11828.5,11832.75,11827.0,11830.5,116
11091856,11830.5,11831.75,11829.0,11831.0,77
11091857,11831,11832,11825.5,11828.25,97
11091858,11828.25,11830.75,11826.0,11829.0,62
11091859,11829,11833.25,11826.75,11831.75,81
11091900,11831.75,11836,11830.75,11835.0,196
11091901,11835,11843.75,11834.75,11840.75,254
11091902,11840.75,11841.5,11836.0,11840.0,91
11091903,11840,11841.25,11835.25,11838.5,107
11091904,11838.5,11838.5,11830.5,11833.0,127
11091905,11833,11836,11831.25,11833.5,55
11091906,11833.5,11834.5,11831.0,11833.0,31
11091907,11833,11833,11823.25,11831.0,160
11091908,11831,11831,11827.25,11829.75,33
11091909,11829.75,11836.75,11827.25,11836.75,86
11091910,11836.75,11842,11834.0,11835.5,165
11091911,11835.5,11842,11835.0,11842.0,81
11091912,11842,11842,11836.0,11840.5,109
11091913,11840.5,11841.25,11836.0,11840.0,50
11091914,11840,11841.5,11836.75,11837.5,54
11091915,11837.5,11837.5,11822.0,11827.5,281
11091916,11827.5,11834.5,11827.5,11834.5,79
11091917,11834.5,11835,11826.75,11826.75,53
11091918,11826.75,11833.5,11826.5,11833.5,75
11091919,11833.5,11836.25,11829.5,11831.25,72
11091920,11831.25,11831.25,11825.75,11828.25,70
11091921,11828.25,11830,11825.0,11826.5,127
11091922,11826.5,11835.5,11825.75,11834.5,88
11091923,11834.5,11836.5,11832.5,11833.0,59
11091924,11833,11839,11832.25,11834.5,101
11091925,11834.5,11837.75,11832.25,11833.0,73
11091926,11833,11837,11833.0,11835.5,36
11091927,11835.5,11844.25,11835.5,11844.25,135
11091928,11844.25,11847,11841.5,11843.0,113
11091929,11843,11852.25,11842.0,11847.0,202
11091930,11847,11858,11847.0,11853.75,347
11091931,11853.75,11854.25,11848.25,11851.25,122
11091932,11851.25,11861.75,11851.25,11859.0,284
11091933,11859,11861,11856.25,11859.75,105
11091934,11859.75,11861,11853.5,11855.25,210
11091935,11855.25,11858,11852.75,11857.5,76
11091936,11857.5,11862,11851.0,11854.0,122
11091937,11854,11854.25,11849.0,11849.0,64
11091938,11849,11858.5,11846.75,11858.5,111
11091939,11858.5,11869.75,11857.0,11863.25,327
11091940,11863.25,11865,11862.5,11864.25,95
11091941,11864.25,11869,11857.75,11866.25,265
11091942,11866.25,11866.5,11861.75,11865.5,52
11091943,11865.5,11868.5,11863.0,11866.0,69
11091944,11866,11874.5,11864.0,11871.0,240
11091945,11871,11875.75,11869.75,11870.5,185
11091946,11870.5,11879,11866.5,11876.5,240
11091947,11876.5,11893.75,11876.5,11887.25,627
11091948,11887.25,11891.75,11883.5,11886.5,161
11091949,11886.5,11889.75,11885.0,11887.5,82
11091950,11887.5,11887.75,11883.5,11884.25,50
11091951,11884.25,11892.5,11883.0,11887.5,168
11091952,11887.5,11888.5,11882.75,11886.0,90
11091953,11886,11886,11879.25,11883.0,107
11091954,11883,11883.75,11874.25,11875.0,122
11091955,11875,11878,11872.0,11874.0,114
11091956,11874,11878,11873.5,11878.0,63
11091957,11878,11878,11871.5,11873.5,64
11091958,11873.5,11875.25,11869.25,11869.25,70
11091959,11869.25,11874,11868.25,11870.75,83
11092000,11870.75,11877.75,11870.25,11877.75,90
11092001,11877.75,11883,11877.75,11879.0,107
11092002,11879,11885.5,11878.75,11879.75,80
11092003,11879.75,11886.25,11879.25,11883.0,90
11092004,11883,11890,11882.25,11886.75,138
11092005,11886.75,11888.75,11883.0,11883.0,103
11092006,11883,11886.5,11883.0,11884.25,61
11092007,11884.25,11885,11879.25,11883.75,92
11092008,11883.75,11893,11883.75,11891.5,130
11092009,11891.5,11893.25,11889.5,11891.0,128
11092010,11891,11893.25,11888.0,11888.5,89
11092011,11888.5,11888.5,11881.5,11883.25,97
11092012,11883.25,11883.5,11877.25,11879.25,128
11092013,11879.25,11879.25,11872.5,11872.5,126
11092014,11872.5,11875.75,11872.5,11875.75,44
11092015,11875.75,11875.75,11866.5,11869.25,151
11092016,11869.25,11871,11868.0,11870.75,45
11092017,11870.75,11870.75,11852.5,11856.0,309
11092018,11856,11860.5,11854.25,11859.25,85
11092019,11859.25,11864.5,11857.5,11860.0,145
11092020,11860,11863.25,11858.0,11860.0,88
11092021,11860,11860.5,11840.0,11844.25,329
11092022,11844.25,11849.25,11837.5,11846.5,282
11092023,11846.5,11850.25,11844.5,11850.25,59
11092024,11850.25,11855.25,11845.75,11849.5,198
11092025,11849.5,11855.75,11844.25,11850.0,113
11092026,11850,11850,11842.0,11843.75,124
11092027,11843.75,11843.75,11822.0,11829.75,539
11092028,11829.75,11836.5,11824.0,11833.75,275
11092029,11833.75,11833.75,11824.5,11831.75,182
11092030,11831.75,11835,11826.75,11827.0,85
11092031,11827,11832.75,11824.5,11831.5,97
11092032,11831.5,11832.25,11824.5,11826.0,85
11092033,11826,11833,11826.0,11830.5,71
11092034,11830.5,11840.75,11830.5,11832.5,193
11092035,11832.5,11835.5,11815.5,11818.5,307
11092036,11818.5,11818.5,11802.75,11808.25,537
11092037,11808.25,11809.75,11797.5,11804.75,288
11092038,11804.75,11813,11804.75,11806.25,99
11092039,11806.25,11813,11805.5,11811.0,74
11092040,11811,11818,11809.75,11813.25,125
11092041,11813.25,11815,11808.25,11815.0,136
11092042,11815,11815.25,11810.25,11815.25,30
11092043,11815.25,11819.25,11811.5,11818.5,99
11092044,11818.5,11818.5,11812.5,11812.5,77
11092045,11812.5,11819.5,11812.5,11817.75,77
11092046,11817.75,11822,11814.0,11816.0,101
11092047,11816,11820.25,11815.0,11818.0,67
11092048,11818,11818,11805.5,11808.0,154
11092049,11808,11814.5,11806.25,11812.75,60
11092050,11812.75,11818.5,11811.25,11813.5,70
11092051,11813.5,11813.75,11809.75,11810.5,50
11092052,11810.5,11811.75,11803.75,11803.75,120
11092053,11803.75,11807.25,11792.5,11793.5,290
11092054,11793.5,11794.75,11780.0,11790.0,516
11092055,11790,11790,11780.0,11780.25,291
11092056,11780.25,11780.5,11771.5,11777.75,433
11092057,11777.75,11777.75,11763.25,11764.5,358
11092058,11764.5,11771.75,11752.0,11758.75,769
11092059,11758.75,11771.25,11756.25,11766.75,415
11092100,11766.75,11778.5,11761.75,11773.5,384
11092101,11773.5,11778,11763.0,11773.75,319
11092102,11773.75,11790.75,11771.75,11783.5,570
11092103,11783.5,11785.25,11774.25,11780.0,197
11092104,11780,11786.75,11776.0,11781.0,131
11092105,11781,11788,11778.5,11784.75,300
11092106,11784.75,11786.5,11780.75,11783.5,98
11092107,11783.5,11786.75,11781.25,11783.25,73
11092108,11783.25,11783.25,11771.25,11772.75,206
11092109,11772.75,11777.75,11772.0,11775.25,110
11092110,11775.25,11778.25,11763.5,11767.25,273
11092111,11767.25,11770,11763.25,11766.75,132
11092112,11766.75,11775.5,11765.75,11774.5,308
11092113,11774.5,11782,11773.5,11778.25,240
11092114,11778.25,11781,11775.0,11778.0,70
11092115,11778,11780.75,11776.0,11779.75,38
11092116,11779.75,11782.25,11768.25,11772.75,254
11092117,11772.75,11773.5,11763.25,11767.75,198
11092118,11767.75,11769,11764.25,11768.0,80
11092119,11768,11777.5,11763.5,11777.5,205
11092120,11777.5,11785.5,11774.75,11780.25,192
11092121,11780.25,11788.25,11779.25,11785.25,111
11092122,11785.25,11787.5,11780.25,11780.25,84
11092123,11780.25,11785.75,11779.5,11781.25,58
11092124,11781.25,11784.5,11775.25,11775.75,121
11092125,11775.75,11777,11770.75,11774.5,110
11092126,11774.5,11783,11774.25,11780.5,58
11092127,11780.5,11783.25,11779.0,11781.0,57
11092128,11781,11782.75,11779.0,11779.25,36
11092129,11779.25,11782,11779.25,11782.0,26
11092130,11782,11783,11778.25,11781.5,49
11092131,11781.5,11783.25,11776.5,11777.25,27
11092132,11777.25,11777.25,11772.5,11775.25,102
11092133,11775.25,11779.5,11774.75,11775.5,33
11092134,11775.5,11775.5,11770.5,11771.25,59
11092135,11771.25,11777,11771.25,11775.0,62
11092136,11775,11776.5,11770.25,11771.25,40
11092137,11771.25,11771.25,11738.25,11743.0,825
11092138,11743,11743.75,11726.25,11733.0,611
11092139,11733,11735.5,11729.25,11733.25,339
11092140,11733.25,11741.75,11731.25,11736.0,220
11092141,11736,11736,11729.5,11732.5,118
11092142,11732.5,11738,11732.5,11732.75,151
11092143,11732.75,11734,11714.0,11715.75,522
11092144,11715.75,11726,11711.5,11722.75,442
11092145,11722.75,11729,11721.75,11721.75,161
11092146,11721.75,11721.75,11705.25,11712.0,294
11092147,11712,11712,11700.0,11706.0,382
11092148,11706,11707,11687.75,11698.0,557
11092149,11698,11703.5,11694.25,11701.25,239
11092150,11701.25,11704.25,11681.25,11687.0,337
11092151,11687,11706,11685.25,11703.75,204
11092152,11703.75,11710.75,11703.75,11709.75,242
11092153,11709.75,11713,11703.75,11708.5,158
11092154,11708.5,11733,11708.5,11729.0,441
11092155,11729,11738.5,11719.75,11725.75,483
11092156,11725.75,11730.75,11721.0,11723.25,209
11092157,11723.25,11723.25,11703.75,11714.75,332
11092158,11714.75,11726.25,11714.75,11724.25,89
11092159,11724.25,11725.75,11718.25,11718.25,63
11092200,11718.25,11735,11718.25,11731.25,253
11092201,11731.25,11733,11727.0,11730.25,69
11092202,11730.25,11741.75,11730.25,11732.25,175
11092203,11732.25,11735.25,11728.75,11728.75,73
11092204,11728.75,11737,11728.75,11731.0,88
11092205,11731,11736,11727.0,11727.0,83
11092206,11727,11730.5,11721.5,11724.25,120
11092207,11724.25,11734,11724.25,11728.5,150
11092208,11728.5,11731.5,11721.5,11722.0,104
11092209,11722,11727,11712.25,11726.25,180
11092210,11726.25,11730.5,11724.25,11728.0,68
11092211,11728,11728,11719.5,11723.25,97
11092212,11723.25,11727.25,11713.5,11723.75,309
11092213,11723.75,11726.5,11719.5,11723.75,100
11092214,11723.75,11729.75,11723.75,11725.75,71
11092215,11725.75,11728.25,11720.25,11721.5,100
11092216,11721.5,11723,11717.5,11719.5,53
11092217,11719.5,11726.5,11719.5,11726.25,87
11092218,11726.25,11733,11723.25,11730.25,95
11092219,11730.25,11737.5,11730.25,11737.5,143
11092220,11737.5,11747.5,11731.5,11738.5,470
11092221,11738.5,11745,11737.75,11745.0,321
11092222,11745,11747,11738.75,11744.5,441
11092223,11744.5,11747.5,11742.0,11745.5,128
11092224,11745.5,11749.25,11737.75,11742.75,219
11092225,11742.75,11746.25,11742.0,11744.0,34
11092226,11744,11752.75,11742.5,11742.5,350
11092227,11742.5,11743.5,11730.75,11739.75,160
11092228,11739.75,11739.75,11733.0,11735.5,50
11092229,11735.5,11746.75,11735.5,11744.75,97
11092230,11744.75,11747,11738.25,11740.5,69
11092231,11740.5,11746.5,11740.5,11744.25,57
11092232,11744.25,11757,11742.25,11751.25,122
11092233,11751.25,11757.25,11748.0,11757.25,306
11092234,11757.25,11757.5,11750.75,11752.25,132
11092235,11752.25,11755.5,11750.75,11753.0,37
11092236,11753,11759.75,11753.0,11757.75,189
11092237,11757.75,11762.25,11754.25,11756.25,312
11092238,11756.25,11759.5,11754.25,11756.5,151
11092239,11756.5,11760.5,11755.0,11758.75,52
11092240,11758.75,11766.25,11756.75,11761.0,121
11092241,11761,11765,11757.75,11759.75,94
11092242,11759.75,11761.5,11751.0,11755.75,197
11092243,11755.75,11756.75,11742.5,11746.5,209
11092244,11746.5,11746.5,11740.75,11741.25,117
11092245,11741.25,11751,11740.75,11743.5,142
11092246,11743.5,11745.25,11741.75,11744.0,44
11092247,11744,11746,11727.25,11727.25,266
11092248,11727.25,11734.5,11726.75,11727.75,459
11092249,11727.75,11731.25,11719.0,11726.75,206
11092250,11726.75,11735.25,11726.75,11731.0,125
11092251,11731,11731,11723.75,11729.5,104
11092252,11729.5,11731,11725.25,11727.0,310
11092253,11727,11730.75,11724.75,11728.0,142
11092254,11728,11728,11710.5,11714.0,530
11092255,11714,11722,11714.0,11722.0,96
11092256,11722,11726.5,11717.5,11718.25,141
11092257,11718.25,11721.25,11712.5,11720.0,130
11092258,11720,11723.25,11719.5,11722.5,26
11092259,11722.5,11732.25,11722.25,11730.0,99
11092300,11730,11732.25,11722.25,11725.25,106
11092301,11725.25,11732.25,11725.25,11731.5,44
11092302,11731.5,11737.25,11730.75,11735.75,144
11092303,11735.75,11737.25,11733.0,11733.5,108
11092304,11733.5,11735.5,11731.25,11733.75,101
11092305,11733.75,11740.75,11725.5,11739.5,217
11092306,11739.5,11743,11736.25,11742.75,108
11092307,11742.75,11753,11742.75,11750.75,302
11092308,11750.75,11752,11745.0,11745.25,102
11092309,11745.25,11751.5,11745.25,11745.5,43
11092310,11745.5,11752.75,11745.5,11746.0,63
11092311,11746,11747.5,11743.0,11744.75,49
11092312,11744.75,11745.5,11738.25,11738.25,63
11092313,11738.25,11746.5,11738.25,11746.5,57
11092314,11746.5,11754.75,11743.0,11750.25,127
11092315,11750.25,11754.5,11749.0,11749.75,58
11092316,11749.75,11752,11746.25,11751.75,41
11092317,11751.75,11753.5,11743.25,11749.0,84
11092318,11749,11754.75,11748.25,11751.5,65
11092319,11751.5,11758.5,11751.5,11751.75,175
11092320,11751.75,11753.25,11748.5,11753.25,188
11092321,11753.25,11755.75,11751.0,11754.0,57
11092322,11754,11763.75,11753.25,11760.5,195
11092323,11760.5,11760.5,11753.0,11760.0,85
11092324,11760,11760,11753.75,11754.0,35
11092325,11754,11757.75,11753.75,11755.25,45
11092326,11755.25,11757.25,11748.5,11750.75,93
11092327,11750.75,11756.25,11747.25,11756.0,98
11092328,11756,11756,11743.5,11747.75,104
11092329,11747.75,11750.75,11742.0,11744.75,145
11092330,11744.75,11746,11738.5,11742.25,198
11092331,11742.25,11748.25,11738.75,11748.0,159
11092332,11748,11754.25,11745.0,11746.75,113
11092333,11746.75,11749.25,11743.25,11748.75,60
11092334,11748.75,11755.75,11747.25,11755.75,36
11092335,11755.75,11758,11754.0,11756.0,65
11092336,11756,11756,11748.5,11751.5,60
11092337,11751.5,11759.75,11750.25,11757.75,91
11092338,11757.75,11759.75,11755.5,11757.75,47
11092339,11757.75,11757.75,11746.25,11750.5,83
11092340,11750.5,11750.75,11744.5,11746.5,118
11092341,11746.5,11747.25,11742.5,11745.25,169
11092342,11745.25,11745.25,11728.0,11728.25,332
11092343,11728.25,11738,11726.0,11736.25,141
11092344,11736.25,11737,11729.0,11729.25,58
11092345,11729.25,11734,11727.0,11733.75,75
11092346,11733.75,11739.75,11732.0,11738.0,64
11092347,11738,11739,11733.0,11736.25,40
11092348,11736.25,11736.5,11730.75,11733.5,37
11092349,11733.5,11735.75,11727.75,11728.5,52
11092350,11728.5,11730.5,11726.0,11729.25,100
11092351,11729.25,11731.75,11726.0,11730.5,56
11092352,11730.5,11734.75,11730.25,11734.0,33
11092353,11734,11734,11726.5,11726.75,32
11092354,11726.75,11729.5,11726.0,11729.0,49
11092355,11729,11733.75,11726.25,11727.75,50
11092356,11727.75,11732.25,11726.0,11730.0,29
11092357,11730,11734.5,11727.5,11727.75,64
11092358,11727.75,11731.75,11716.5,11721.5,236
11092359,11721.5,11725.25,11718.75,11723.25,71
11100000,11723.25,11740,11716.75,11740.0,301
11100001,11740,11745,11737.25,11738.0,127
11100002,11738,11743.5,11733.75,11738.0,80
11100003,11738,11742,11737.5,11739.25,77
11100004,11739.25,11739.75,11737.5,11738.25,23
11100005,11738.25,11743.25,11736.5,11742.25,44
11100006,11742.25,11743.5,11740.25,11740.25,114
11100007,11740.25,11741.5,11737.0,11738.5,39
11100008,11738.5,11746,11738.5,11744.25,93
11100009,11744.25,11749,11744.0,11744.75,51
11100010,11744.75,11744.75,11741.5,11744.75,55
11100011,11744.75,11748,11738.25,11739.0,53
11100012,11739,11744.25,11739.0,11743.5,55
11100013,11743.5,11746.25,11743.5,11744.75,27
11100014,11744.75,11745,11739.75,11739.75,26
11100015,11739.75,11751.75,11739.75,11747.0,100
11100016,11747,11747,11739.5,11743.25,31
11100017,11743.25,11743.25,11730.25,11731.75,93
11100018,11731.75,11733.25,11725.0,11730.25,121
11100019,11730.25,11740,11728.75,11731.5,130
11100020,11731.5,11734.25,11729.5,11731.0,43
11100021,11731,11735.5,11728.25,11731.0,82
11100022,11731,11733.5,11725.0,11729.75,281
11100023,11729.75,11731.25,11726.75,11730.0,271
11100024,11730,11733,11729.0,11730.0,46
11100025,11730,11736.25,11729.75,11734.25,36
11100026,11734.25,11734.75,11730.5,11730.5,40
11100027,11730.5,11732.5,11727.0,11730.75,77
11100028,11730.75,11733.25,11730.5,11732.5,33
11100029,11732.5,11733,11724.25,11726.0,64
11100030,11726,11734.25,11725.75,11730.75,48
11100031,11730.75,11733.5,11728.5,11729.25,26
11100032,11729.25,11737.25,11729.25,11737.0,53
11100033,11737,11737,11732.0,11733.25,51
11100034,11733.25,11742.75,11732.25,11741.75,152
11100035,11741.75,11745.25,11737.0,11740.75,71
11100036,11740.75,11743,11738.25,11738.25,65
11100037,11738.25,11738.25,11732.0,11737.75,108
11100038,11737.75,11745.25,11737.75,11742.5,68
11100039,11742.5,11745,11741.5,11744.25,41
11100040,11744.25,11746.25,11741.25,11743.25,48
11100041,11743.25,11751.25,11743.25,11746.75,192
11100042,11746.75,11763,11744.5,11757.0,270
11100043,11757,11760.25,11750.0,11755.0,101
11100044,11755,11759.5,11750.0,11757.75,181
11100045,11757.75,11779,11756.25,11776.5,422
11100046,11776.5,11788.5,11773.5,11775.75,470
11100047,11775.75,11781.75,11770.25,11781.5,153
11100048,11781.5,11784,11773.0,11779.25,89
11100049,11779.25,11779.25,11771.0,11774.5,45
11100050,11774.5,11784.75,11773.75,11780.25,204
11100051,11780.25,11780.5,11775.0,11777.0,58
11100052,11777,11789.5,11777.0,11786.25,174
11100053,11786.25,11797.25,11784.5,11789.0,417
11100054,11789,11806.25,11782.5,11802.25,492
11100055,11802.25,11815.5,11801.5,11811.25,523
11100056,11811.25,11812.5,11800.0,11802.0,119
11100057,11802,11802,11793.0,11796.25,164
11100058,11796.25,11799.75,11795.25,11797.0,45
11100059,11797,11800.5,11794.75,11797.0,84
11100100,11797,11817,11795.75,11810.0,299
11100101,11810,11814.75,11808.0,11813.0,137
11100102,11813,11816.25,11808.25,11808.5,132
11100103,11808.5,11814,11804.25,11809.0,157
11100104,11809,11809.75,11797.0,11799.25,172
11100105,11799.25,11799.5,11788.75,11792.5,188
11100106,11792.5,11792.5,11782.0,11782.0,334
11100107,11782,11800,11782.0,11794.0,278
11100108,11794,11803.25,11791.75,11802.25,155
11100109,11802.25,11802.75,11793.5,11796.75,109
11100110,11796.75,11798.75,11793.75,11797.25,68
11100111,11797.25,11806.75,11796.25,11800.25,124
11100112,11800.25,11809.5,11800.25,11808.25,120
11100113,11808.25,11811.25,11802.0,11804.5,162
11100114,11804.5,11806.5,11796.0,11799.75,116
11100115,11799.75,11807.25,11796.75,11800.0,127
11100116,11800,11802,11794.5,11795.75,137
11100117,11795.75,11795.75,11787.75,11795.25,307
11100118,11795.25,11795.75,11787.5,11788.75,145
11100119,11788.75,11800,11786.25,11798.75,228
11100120,11798.75,11801.5,11793.25,11797.75,215
11100121,11797.75,11798,11787.5,11790.0,198
11100122,11790,11792.75,11784.0,11792.75,225
11100123,11792.75,11795.75,11787.0,11793.75,148
11100124,11793.75,11801.25,11793.0,11796.25,181
11100125,11796.25,11799.25,11778.5,11781.25,373
11100126,11781.25,11787.75,11779.25,11779.25,133
11100127,11779.25,11792,11778.0,11786.0,168
11100128,11786,11790.5,11785.5,11787.5,101
11100129,11787.5,11791.5,11781.5,11788.25,112
11100130,11788.25,11797.5,11785.5,11789.5,215
11100131,11789.5,11800,11789.5,11795.75,157
11100132,11795.75,11799.75,11792.75,11794.25,157
11100133,11794.25,11795.5,11789.25,11790.5,120
11100134,11790.5,11790.5,11780.0,11784.0,226
11100135,11784,11788.75,11783.75,11785.25,258
11100136,11785.25,11792,11782.75,11790.25,129
11100137,11790.25,11791.25,11781.25,11786.0,134
11100138,11786,11792.25,11784.75,11792.0,156
11100139,11792,11798,11791.0,11794.75,154
11100140,11794.75,11804,11794.75,11798.0,236
11100141,11798,11802.5,11793.5,11797.0,150
11100142,11797,11814,11797.0,11814.0,197
11100143,11814,11827.75,11806.25,11823.5,515
11100144,11823.5,11826.25,11818.0,11825.5,236
11100145,11825.5,11829,11818.5,11825.0,281
11100146,11825,11826,11816.5,11819.5,179
11100147,11819.5,11820.75,11806.5,11810.75,229
11100148,11810.75,11817,11806.5,11806.5,75
11100149,11806.5,11811.75,11802.75,11802.75,148
11100150,11802.75,11803.5,11786.75,11789.25,460
11100151,11789.25,11791.25,11770.25,11779.5,351
11100152,11779.5,11790.75,11765.25,11786.0,517
11100153,11786,11789,11781.5,11782.75,137
11100154,11782.75,11787,11778.25,11780.5,196
11100155,11780.5,11783,11770.5,11780.0,216
11100156,11780,11786,11776.5,11781.5,118
11100157,11781.5,11791.25,11779.0,11786.0,150
11100158,11786,11790,11782.75,11790.0,90
11100159,11790,11797.5,11782.5,11782.75,202
11100200,11782.75,11802.25,11782.25,11796.5,313
11100201,11796.5,11806.5,11794.25,11805.0,197
11100202,11805,11806,11800.75,11805.0,145
11100203,11805,11816,11802.25,11812.5,206
11100204,11812.5,11823,11810.25,11820.75,277
11100205,11820.75,11841.75,11819.5,11840.5,692
11100206,11840.5,11847.25,11832.25,11845.75,454
11100207,11845.75,11846.75,11840.0,11843.0,252
11100208,11843,11843.5,11836.75,11839.75,392
11100209,11839.75,11845,11832.25,11840.75,325
11100210,11840.75,11847.5,11832.0,11836.75,190
11100211,11836.75,11842.75,11831.0,11840.5,300
11100212,11840.5,11848.75,11837.25,11846.0,206
11100213,11846,11855.5,11838.5,11843.5,388
11100214,11843.5,11848.5,11840.75,11843.25,187
11100215,11843.25,11844.75,11831.5,11836.5,210
11100216,11836.5,11852,11831.5,11852.0,232
11100217,11852,11854.75,11843.5,11843.5,299
11100218,11843.5,11846.25,11835.0,11839.75,214
11100219,11839.75,11848,11839.25,11844.5,111
11100220,11844.5,11858.5,11844.5,11853.0,261
11100221,11853,11856.75,11848.5,11854.0,168
11100222,11854,11863,11853.5,11859.5,264
11100223,11859.5,11862.5,11853.0,11858.75,308
11100224,11858.75,11871.75,11858.75,11868.0,346
11100225,11868,11871.25,11863.25,11865.75,171
11100226,11865.75,11867,11860.0,11864.75,247
11100227,11864.75,11869.5,11858.5,11861.75,197
11100228,11861.75,11863.75,11853.25,11862.5,227
11100229,11862.5,11871.5,11859.25,11862.25,357
11100230,11862.25,11865.5,11850.75,11857.75,296
11100231,11857.75,11867,11849.25,11852.75,324
11100232,11852.75,11857,11848.25,11852.0,132
11100233,11852,11856,11841.25,11842.5,267
11100234,11842.5,11846.75,11839.0,11842.0,255
11100235,11842,11844.75,11831.0,11835.0,314
11100236,11835,11835,11811.0,11811.0,468
11100237,11811,11816.25,11806.0,11809.5,376
11100238,11809.5,11811.75,11805.5,11811.25,280
11100239,11811.25,11815,11809.25,11810.0,196
11100240,11810,11823,11809.25,11820.5,277
11100241,11820.5,11824,11815.75,11822.75,234
11100242,11822.75,11822.75,11801.75,11803.25,354
11100243,11803.25,11809.75,11803.25,11808.25,131
11100244,11808.25,11810,11798.25,11805.25,201
11100245,11805.25,11810,11800.5,11804.25,177
11100246,11804.25,11804.25,11793.0,11797.0,264
11100247,11797,11804.25,11795.5,11799.0,167
11100248,11799,11799,11784.0,11789.25,381
11100249,11789.25,11789.25,11776.75,11786.0,330
11100250,11786,11787.75,11771.25,11773.5,319
11100251,11773.5,11786,11772.5,11783.75,185
11100252,11783.75,11787.5,11776.25,11776.25,228
11100253,11776.25,11782.25,11765.0,11771.25,440
11100254,11771.25,11775.25,11767.0,11769.0,302
11100255,11769,11777,11768.75,11773.75,188
11100256,11773.75,11777.25,11771.25,11774.0,103
11100257,11774,11779.5,11773.0,11776.75,210
11100258,11776.75,11780.5,11775.0,11777.25,131
11100259,11777.25,11789.5,11776.5,11782.0,221
11100300,11782,11787,11776.75,11782.5,258
11100301,11782.5,11789.5,11781.5,11782.25,166
11100302,11782.25,11789.5,11782.25,11788.5,140
11100303,11788.5,11789.5,11783.25,11787.75,202
11100304,11787.75,11789.5,11778.75,11779.0,149
11100305,11779,11780.25,11773.0,11773.5,224
11100306,11773.5,11777.75,11767.5,11769.0,234
11100307,11769,11769.25,11761.25,11762.0,238
11100308,11762,11775.75,11761.25,11772.75,231
11100309,11772.75,11777.25,11767.0,11768.0,153
11100310,11768,11771.25,11766.0,11767.75,107
11100311,11767.75,11770.75,11761.25,11770.0,241
11100312,11770,11777.5,11768.25,11769.75,178
11100313,11769.75,11780.25,11768.5,11778.25,159
11100314,11778.25,11780.5,11772.25,11772.5,120
11100315,11772.5,11781,11771.75,11778.5,173
11100316,11778.5,11783.25,11774.0,11776.0,155
11100317,11776,11776.5,11770.0,11772.0,166
11100318,11772,11775.25,11763.0,11767.0,297
11100319,11767,11773.5,11761.5,11761.5,202
11100320,11761.5,11762.5,11742.0,11748.25,774
11100321,11748.25,11752.5,11732.5,11732.5,379
11100322,11732.5,11738.25,11723.25,11730.0,489
11100323,11730,11730,11713.75,11714.25,557
11100324,11714.25,11734.5,11713.25,11730.75,430
11100325,11730.75,11734,11718.5,11727.5,279
11100326,11727.5,11738.75,11721.75,11733.75,369
11100327,11733.75,11738.5,11729.75,11737.0,162
11100328,11737,11741.75,11735.5,11741.0,202
11100329,11741,11751.75,11733.75,11745.5,459
11100330,11745.5,11750,11735.75,11737.75,405
11100331,11737.75,11751.25,11737.75,11744.75,217
11100332,11744.75,11758.75,11739.75,11757.0,320
11100333,11757,11758,11740.25,11746.75,260
11100334,11746.75,11749,11742.25,11747.0,140
11100335,11747,11747,11742.5,11747.0,101
11100336,11747,11747,11738.0,11739.25,155
11100337,11739.25,11742.25,11737.0,11741.75,91
11100338,11741.75,11748.5,11738.25,11748.5,178
11100339,11748.5,11753.5,11746.75,11750.25,204
11100340,11750.25,11758.25,11745.0,11758.25,177
11100341,11758.25,11758.5,11748.25,11751.25,173
11100342,11751.25,11751.5,11736.5,11737.0,184
11100343,11737,11739,11727.0,11733.25,310
11100344,11733.25,11740.75,11732.0,11738.5,115
11100345,11738.5,11744.5,11738.5,11741.75,56
11100346,11741.75,11748.5,11740.5,11741.5,130
11100347,11741.5,11754,11740.0,11751.75,214
11100348,11751.75,11751.75,11745.0,11745.0,229
11100349,11745,11755,11744.0,11752.25,305
11100350,11752.25,11773.5,11752.0,11762.0,488
11100351,11762,11767.25,11757.75,11764.25,142
11100352,11764.25,11764.75,11740.75,11740.75,311
11100353,11740.75,11746.5,11735.0,11737.75,354
11100354,11737.75,11749.25,11729.25,11747.75,275
11100355,11747.75,11750,11743.75,11745.5,136
11100356,11745.5,11751.25,11744.0,11745.25,94
11100357,11745.25,11745.25,11729.75,11733.5,272
11100358,11733.5,11737,11730.0,11730.75,162
11100359,11730.75,11733.5,11723.0,11725.75,285
11100400,11725.75,11732.25,11724.0,11727.5,158
11100401,11727.5,11737.75,11727.5,11731.5,177
11100402,11731.5,11733.5,11717.75,11718.0,265
11100403,11718,11736,11716.0,11732.25,312
11100404,11732.25,11745.25,11732.25,11733.75,237
11100405,11733.75,11736.25,11718.0,11727.0,333
11100406,11727,11729.25,11721.75,11726.0,143
11100407,11726,11727.5,11717.25,11722.0,300
11100408,11722,11725,11703.5,11705.75,366
11100409,11705.75,11709,11698.0,11701.0,378
11100410,11701,11701,11691.0,11695.0,408
11100411,11695,11704,11695.0,11703.0,256
11100412,11703,11705,11698.75,11705.0,152
11100413,11705,11708.5,11698.0,11701.5,164
11100414,11701.5,11702,11671.0,11675.25,758
11100415,11675.25,11692,11673.5,11692.0,337
11100416,11692,11692.75,11683.25,11688.0,192
11100417,11688,11690,11678.0,11683.0,247
11100418,11683,11683.5,11672.5,11673.0,262
11100419,11673,11681,11672.5,11675.75,298
11100420,11675.75,11679.5,11672.5,11673.5,242
11100421,11673.5,11678,11673.25,11677.0,261
11100422,11677,11680,11667.5,11679.0,484
11100423,11679,11680,11672.5,11678.0,147
11100424,11678,11680.75,11669.25,11674.5,268
11100425,11674.5,11686.5,11669.5,11677.25,268
11100426,11677.25,11684.25,11670.0,11672.5,199
11100427,11672.5,11682,11672.25,11679.0,177
11100428,11679,11683.5,11676.0,11677.0,171
11100429,11677,11681.25,11675.0,11677.25,107
11100430,11677.25,11689,11674.0,11682.0,255
11100431,11682,11688.75,11682.0,11684.0,219
11100432,11684,11687.75,11670.25,11687.5,267
11100433,11687.5,11690.75,11685.0,11685.25,274
11100434,11685.25,11686.75,11681.75,11684.5,151
11100435,11684.5,11688,11677.75,11678.0,118
11100436,11678,11687.75,11676.5,11684.75,197
11100437,11684.75,11686.5,11676.5,11683.5,149
11100438,11683.5,11683.5,11676.5,11681.5,74
11100439,11681.5,11681.5,11660.0,11664.0,458
11100440,11664,11672.75,11661.75,11663.5,257
11100441,11663.5,11668.25,11655.0,11659.25,225
11100442,11659.25,11660,11643.0,11645.5,549
11100443,11645.5,11651.75,11641.25,11649.0,394
11100444,11649,11654.5,11643.75,11644.5,121
11100445,11644.5,11658,11644.0,11652.5,308
11100446,11652.5,11656.25,11646.25,11646.25,137
11100447,11646.25,11646.5,11635.5,11638.0,423
11100448,11638,11642,11634.0,11639.25,317
11100449,11639.25,11643.25,11637.75,11641.25,124
11100450,11641.25,11643.5,11635.0,11635.0,131
11100451,11635,11638.25,11625.25,11625.25,435
11100452,11625.25,11639,11625.0,11625.75,375
11100453,11625.75,11628,11620.0,11620.75,419
11100454,11620.75,11621.75,11607.0,11607.5,679
11100455,11607.5,11619,11606.0,11611.75,671
11100456,11611.75,11617,11605.0,11610.0,496
11100457,11610,11614,11595.75,11597.75,806
11100458,11597.75,11603,11575.0,11581.25,1101
11100459,11581.25,11592.25,11565.5,11570.0,873
11100500,11570,11575,11560.0,11566.5,790
11100501,11566.5,11591.5,11563.5,11574.75,769
11100502,11574.75,11579.75,11553.0,11579.0,865
11100503,11579,11593,11578.0,11592.0,458
11100504,11592,11595,11586.0,11593.25,357
11100505,11593.25,11595,11586.5,11587.25,382
11100506,11587.25,11595,11587.25,11593.5,168
11100507,11593.5,11595.75,11584.75,11593.0,256
11100508,11593,11595.5,11589.0,11591.25,226
11100509,11591.25,11598.75,11583.5,11596.5,340
11100510,11596.5,11600,11593.5,11596.0,323
11100511,11596,11600,11594.0,11594.5,235
11100512,11594.5,11603.75,11593.75,11596.5,321
11100513,11596.5,11596.5,11584.25,11595.0,299
11100514,11595,11604,11589.75,11594.5,412
11100515,11594.5,11597.75,11587.75,11597.0,198
11100516,11597,11601.25,11591.0,11592.25,316
11100517,11592.25,11600,11592.25,11596.0,215
11100518,11596,11597.25,11591.25,11595.25,149
11100519,11595.25,11595.25,11582.5,11586.0,255
11100520,11586,11596.25,11582.25,11593.25,178
11100521,11593.25,11595,11590.0,11592.0,217
11100522,11592,11596,11586.5,11589.25,282
11100523,11589.25,11593.25,11588.0,11593.0,196
11100524,11593,11596,11589.25,11591.5,211
11100525,11591.5,11596.75,11585.5,11591.0,250
11100526,11591,11596.25,11587.25,11587.25,214
11100527,11587.25,11595.5,11586.5,11594.75,121
11100528,11594.75,11600,11593.25,11599.5,262
11100529,11599.5,11599.75,11592.25,11594.0,154
11100530,11594,11597.5,11589.75,11591.25,105
11100531,11591.25,11604.5,11590.25,11598.75,373
11100532,11598.75,11603.75,11593.5,11598.5,311
11100533,11598.5,11600,11597.0,11598.25,194
11100534,11598.25,11602.25,11595.75,11598.25,495
11100535,11598.25,11613,11597.0,11610.5,740
11100536,11610.5,11620.25,11610.5,11618.75,460
11100537,11618.75,11629.75,11618.25,11629.75,551
11100538,11629.75,11635.75,11627.5,11634.5,425
11100539,11634.5,11647.5,11633.25,11641.5,850
11100540,11641.5,11650.25,11640.5,11645.75,550
11100541,11645.75,11647,11633.75,11635.5,348
11100542,11635.5,11639.25,11621.0,11621.0,591
11100543,11621,11634,11620.0,11624.75,294
11100544,11624.75,11630,11624.25,11629.75,192
11100545,11629.75,11636.5,11628.25,11632.25,304
11100546,11632.25,11638,11632.25,11637.0,242
11100547,11637,11640,11628.5,11631.75,813
11100548,11631.75,11636.25,11630.5,11635.25,191
11100549,11635.25,11640,11624.25,11631.5,442
11100550,11631.5,11633.75,11621.75,11623.75,294
11100551,11623.75,11634,11622.5,11633.25,189
11100552,11633.25,11642.5,11628.25,11632.75,348
11100553,11632.75,11637.25,11630.5,11637.0,129
11100554,11637,11641.75,11636.25,11639.75,456
11100555,11639.75,11640.75,11632.25,11635.25,338
11100556,11635.25,11640.5,11634.0,11637.25,179
11100557,11637.25,11648,11634.0,11646.0,407
11100558,11646,11661.25,11642.0,11652.75,600
11100559,11652.75,11657.75,11649.0,11652.75,322
11100600,11652.75,11665.75,11651.5,11664.5,517
11100601,11664.5,11668.5,11658.75,11668.5,377
11100602,11668.5,11673.25,11665.5,11670.0,363
11100603,11670,11675,11666.0,11674.75,217
11100604,11674.75,11676.75,11671.25,11674.0,253
11100605,11674,11679.25,11666.25,11670.0,447
11100606,11670,11670.75,11657.5,11662.5,437
11100607,11662.5,11669.5,11659.5,11660.0,212
11100608,11660,11668.75,11658.25,11663.5,291
11100609,11663.5,11666.5,11660.25,11664.75,237
11100610,11664.75,11668,11658.0,11658.0,361
11100611,11658,11665.25,11656.75,11657.75,212
11100612,11657.75,11659.75,11641.5,11642.0,450
11100613,11642,11643.25,11631.25,11634.75,476
11100614,11634.75,11639.25,11627.25,11632.0,399
11100615,11632,11641.25,11630.0,11634.75,317
11100616,11634.75,11639.25,11634.5,11637.5,276
11100617,11637.5,11645,11636.25,11642.75,194
11100618,11642.75,11645.25,11636.0,11638.25,291
11100619,11638.25,11640,11625.0,11625.0,493
11100620,11625,11632.5,11622.25,11629.75,354
11100621,11629.75,11630.25,11609.0,11625.5,600
11100622,11625.5,11629.5,11618.75,11619.5,301
11100623,11619.5,11622,11614.75,11618.5,378
11100624,11618.5,11625.25,11614.75,11621.25,262
11100625,11621.25,11637.75,11621.25,11630.75,373
11100626,11630.75,11639.25,11630.75,11631.75,266
11100627,11631.75,11636,11628.25,11636.0,158
11100628,11636,11649,11633.25,11646.0,376
11100629,11646,11649.5,11634.5,11634.5,378
11100630,11634.5,11644.25,11632.5,11643.5,337
11100631,11643.5,11646.75,11638.0,11645.5,249
11100632,11645.5,11650.5,11644.25,11647.25,212
11100633,11647.25,11648,11635.25,11637.5,278
11100634,11637.5,11644.5,11634.5,11636.75,199
11100635,11636.75,11641.75,11627.0,11628.75,297
11100636,11628.75,11631.75,11622.75,11630.0,316
11100637,11630,11635.75,11627.25,11629.75,137
11100638,11629.75,11633.5,11625.5,11625.5,154
11100639,11625.5,11643.25,11625.0,11642.25,252
11100640,11642.25,11647.25,11637.5,11637.5,281
11100641,11637.5,11646,11632.25,11644.5,464
11100642,11644.5,11651,11641.5,11649.0,212
11100643,11649,11661,11648.75,11657.75,454
11100644,11657.75,11662.5,11652.5,11661.25,330
11100645,11661.25,11669,11648.75,11649.5,501
11100646,11649.5,11650.25,11636.0,11643.5,317
11100647,11643.5,11647,11636.0,11641.5,246
11100648,11641.5,11646.25,11641.25,11642.5,70
11100649,11642.5,11648.5,11642.0,11648.0,152
11100650,11648,11660.25,11640.5,11659.25,366
11100651,11659.25,11662.5,11650.75,11660.75,296
11100652,11660.75,11665.5,11649.0,11649.75,265
11100653,11649.75,11650.25,11637.25,11645.25,347
11100654,11645.25,11655.25,11645.25,11653.0,118
11100655,11653,11653.5,11638.25,11639.0,217
11100656,11639,11639.5,11629.0,11630.25,352
11100657,11630.25,11636.25,11628.0,11634.25,204
11100658,11634.25,11636,11621.75,11625.75,383
11100659,11625.75,11630.25,11618.0,11620.25,522
11100700,11620.25,11631.75,11617.25,11629.25,341
11100701,11629.25,11636.5,11625.0,11630.75,413
11100702,11630.75,11635.25,11630.25,11630.25,210
11100703,11630.25,11631.5,11627.0,11630.75,163
11100704,11630.75,11632.75,11626.0,11629.5,159
11100705,11629.5,11629.5,11619.5,11624.75,478
11100706,11624.75,11627.5,11619.0,11626.0,254
11100707,11626,11632.5,11624.75,11628.75,282
11100708,11628.75,11628.75,11615.0,11617.25,569
11100709,11617.25,11617.75,11604.5,11604.75,748
11100710,11604.75,11614,11604.25,11613.5,379
11100711,11613.5,11622.25,11612.75,11614.25,267
11100712,11614.25,11618.5,11610.75,11617.75,154
11100713,11617.75,11631.75,11617.0,11628.5,387
11100714,11628.5,11637.25,11627.0,11627.0,283
11100715,11627,11637,11627.0,11636.25,308
11100716,11636.25,11639.5,11625.5,11627.75,331
11100717,11627.75,11628.25,11618.0,11620.25,312
11100718,11620.25,11632,11617.75,11629.5,236
11100719,11629.5,11635,11629.25,11633.5,202
11100720,11633.5,11644.5,11630.0,11638.5,444
11100721,11638.5,11650.5,11636.0,11649.5,420
11100722,11649.5,11656.75,11644.5,11649.0,321
11100723,11649,11651.25,11646.25,11646.5,118
11100724,11646.5,11649.75,11645.0,11645.25,112
11100725,11645.25,11653,11645.0,11651.25,164
11100726,11651.25,11656,11647.25,11650.75,301
11100727,11650.75,11651,11645.5,11646.5,170
11100728,11646.5,11654.25,11646.5,11653.5,157
11100729,11653.5,11658.75,11653.5,11654.5,245
11100730,11654.5,11658.75,11652.5,11652.5,316
11100731,11652.5,11655,11644.0,11646.0,269
11100732,11646,11646,11629.5,11631.75,662
11100733,11631.75,11634.5,11627.0,11628.75,476
11100734,11628.75,11630,11617.0,11622.25,650
11100735,11622.25,11630.75,11620.0,11627.0,514
11100736,11627,11633,11624.75,11630.25,515
11100737,11630.25,11635.25,11616.0,11618.75,1125
11100738,11618.75,11629.5,11618.25,11628.25,315
11100739,11628.25,11633.5,11625.5,11633.5,306
11100740,11633.5,11634,11625.5,11627.0,250
11100741,11627,11631.25,11625.25,11626.5,312
11100742,11626.5,11631.75,11625.5,11628.5,220
11100743,11628.5,11634.25,11628.25,11631.25,238
11100744,11631.25,11641.25,11631.25,11635.25,376
11100745,11635.25,11639,11625.75,11630.5,479
11100746,11630.5,11637,11629.25,11634.75,205
11100747,11634.75,11636,11629.0,11630.0,1741
11100748,11630,11640.5,11623.75,11635.75,974
11100749,11635.75,11638.75,11633.75,11636.25,1064
11100750,11636.25,11650,11636.0,11647.75,572
11100751,11647.75,11649.75,11645.75,11646.75,286
11100752,11646.75,11649.75,11644.5,11645.75,216
11100753,11645.75,11649.5,11644.0,11647.25,257
11100754,11647.25,11656.75,11646.5,11653.25,425
11100755,11653.25,11662.5,11648.0,11657.25,640
11100756,11657.25,11661.25,11655.25,11661.25,2095
11100757,11661.25,11666.5,11658.25,11662.75,1488
11100758,11662.75,11668,11661.0,11663.75,388
11100759,11663.75,11670,11663.75,11667.5,900
11100800,11667.5,11667.5,11654.75,11660.0,573
11100801,11660,11665,11657.75,11659.75,866
11100802,11659.75,11670,11658.5,11667.75,839
11100803,11667.75,11669.5,11665.5,11667.0,249
11100804,11667,11669.75,11662.75,11666.5,398
11100805,11666.5,11670,11666.5,11669.5,401
11100806,11669.5,11675.75,11669.0,11674.5,473
11100807,11674.5,11686.5,11674.25,11681.75,727
11100808,11681.75,11694.25,11681.75,11693.75,644
11100809,11693.75,11696.25,11683.0,11684.0,623
11100810,11684,11693.5,11683.25,11692.25,398
11100811,11692.25,11694.5,11688.0,11689.0,437
11100812,11689,11691.25,11686.75,11689.25,861
11100813,11689.25,11697,11688.25,11690.75,646
11100814,11690.75,11692.75,11683.5,11687.5,373
11100815,11687.5,11693.75,11682.5,11685.5,883
11100816,11685.5,11687.5,11683.5,11685.0,293
11100817,11685,11686.5,11681.25,11683.0,567
11100818,11683,11684,11674.75,11676.75,489
11100819,11676.75,11683.5,11676.75,11680.75,582
11100820,11680.75,11685.75,11677.5,11679.75,976
11100821,11679.75,11683.75,11677.5,11680.25,324
11100822,11680.25,11683.5,11679.0,11683.25,230
11100823,11683.25,11683.75,11674.25,11674.75,413
11100824,11674.75,11682,11672.0,11678.25,381
11100825,11678.25,11685.5,11676.75,11682.25,1269
11100826,11682.25,11683.25,11676.25,11681.25,389
11100827,11681.25,11687,11680.75,11687.0,228
11100828,11687,11687.75,11681.0,11687.5,578
11100829,11687.5,11695,11685.0,11692.25,1316
11100830,11692.25,11708,11688.75,11707.5,3333
11100831,11707.5,11739.75,11704.75,11736.75,3567
11100832,11736.75,11747.75,11725.75,11729.75,3029
11100833,11729.75,11745.75,11719.75,11745.75,2659
11100834,11745.75,11749.5,11725.25,11727.0,2383
11100835,11727,11738.5,11673.75,11676.5,5313
11100836,11676.5,11696.5,11669.0,11677.0,4442
11100837,11677,11688,11663.75,11674.5,2926
11100838,11674.5,11679.75,11658.75,11660.75,2362
11100839,11660.75,11680.25,11651.25,11656.5,2711
11100840,11656.5,11661.75,11631.0,11634.0,3928
11100841,11634,11648.25,11630.5,11644.25,2390
11100842,11644.25,11674.5,11640.5,11673.75,3183
11100843,11673.75,11685,11670.0,11675.0,2286
11100844,11675,11676,11642.0,11652.5,2618
11100845,11652.5,11653.25,11627.75,11630.0,2401
11100846,11630,11651.5,11620.25,11638.25,2512
11100847,11638.25,11644.75,11613.25,11614.0,2177
11100848,11614,11626.5,11612.5,11625.75,1984
11100849,11625.75,11656.5,11622.5,11654.75,2336
11100850,11654.75,11667.5,11643.0,11665.0,2333
11100851,11665,11678,11657.0,11674.75,1713
11100852,11674.75,11676.75,11665.0,11671.75,1635
11100853,11671.75,11672.75,11654.25,11660.75,1741
11100854,11660.75,11662,11640.75,11644.0,1933
11100855,11644,11659.25,11635.5,11657.0,2651
11100856,11657,11675,11654.25,11666.75,2014
11100857,11666.75,11667.5,11647.75,11658.25,1542
11100858,11658.25,11670.5,11650.75,11661.25,1356
11100859,11661.25,11662.75,11648.5,11651.0,1318
11100900,11651,11651,11628.5,11631.0,2758
11100901,11631,11642.25,11625.25,11633.0,2071
11100902,11633,11642,11621.75,11637.5,2026
11100903,11637.5,11660,11631.25,11659.0,1876
11100904,11659,11690,11658.0,11687.0,2869
11100905,11687,11689,11675.0,11680.25,2285
11100906,11680.25,11680.25,11659.5,11669.0,1962
11100907,11669,11674.5,11651.0,11656.0,1554
11100908,11656,11659.75,11645.25,11652.75,1857
11100909,11652.75,11673.25,11649.25,11670.25,1573
11100910,11670.25,11681.25,11659.75,11663.25,1709
11100911,11663.25,11663.75,11637.5,11645.5,1924
11100912,11645.5,11650.5,11636.0,11645.5,1666
11100913,11645.5,11656.25,11636.25,11652.5,1702
11100914,11652.5,11653,11633.0,11636.0,1437
11100915,11636,11655.75,11629.5,11646.75,1922
11100916,11646.75,11647,11615.75,11624.75,2774
11100917,11624.75,11631.25,11621.0,11627.5,1220
11100918,11627.5,11640.5,11621.75,11636.5,1492
11100919,11636.5,11642.5,11629.5,11635.25,1339
11100920,11635.25,11644,11621.0,11630.25,1777
11100921,11630.25,11630.5,11607.75,11613.5,2312
11100922,11613.5,11616.25,11586.0,11591.0,3527
11100923,11591,11596.75,11584.5,11595.5,2030
11100924,11595.5,11601.75,11581.0,11584.25,1962
11100925,11584.25,11591,11578.25,11581.5,1668
11100926,11581.5,11592.25,11576.5,11586.5,1514
11100927,11586.5,11586.5,11573.0,11577.0,1732
11100928,11577,11578.75,11565.75,11569.5,1649
11100929,11569.5,11573.5,11562.5,11563.25,1597
11100930,11563.25,11587,11560.5,11581.5,2606
11100931,11581.5,11581.5,11568.0,11572.75,1386
11100932,11572.75,11575.75,11563.25,11568.25,1472
11100933,11568.25,11576.5,11561.75,11567.75,1185
11100934,11567.75,11571.75,11553.5,11559.0,2078
11100935,11559,11575.25,11545.5,11548.5,2518
11100936,11548.5,11561.75,11537.75,11539.5,2410
11100937,11539.5,11544.25,11523.75,11527.5,2712
11100938,11527.5,11530.75,11514.25,11516.0,2280
11100939,11516,11527.5,11508.5,11521.75,2797
11100940,11521.75,11536.5,11513.5,11535.75,3043
11100941,11535.75,11535.75,11519.0,11522.0,1491
11100942,11522,11527,11505.5,11522.75,2151
11100943,11522.75,11527.75,11506.25,11506.25,1854
11100944,11506.25,11519.75,11503.25,11516.0,1940
11100945,11516,11534,11514.25,11527.75,2100
11100946,11527.75,11533.25,11515.75,11530.0,2199
11100947,11530,11535.75,11520.75,11534.0,1703
11100948,11534,11534.5,11513.5,11529.25,1706
11100949,11529.25,11549.75,11525.5,11549.75,2105
11100950,11549.75,11568,11538.25,11564.25,2910
11100951,11564.25,11568.75,11556.75,11566.5,1593
11100952,11566.5,11572,11561.5,11566.25,1449
11100953,11566.25,11569.5,11556.0,11561.5,1287
11100954,11561.5,11573,11556.25,11568.25,1264
11100955,11568.25,11572,11556.25,11567.0,1208
11100956,11567,11569.5,11561.25,11563.75,1035
11100957,11563.75,11566.75,11556.5,11557.25,898
11100958,11557.25,11580.75,11557.25,11580.5,1611
11100959,11580.5,11580.5,11560.0,11568.5,1309
11101000,11568.5,11579,11562.0,11578.5,1330
11101001,11578.5,11594.25,11577.75,11592.5,1787
11101002,11592.5,11592.5,11582.5,11586.0,1108
11101003,11586,11596,11584.25,11592.5,1488
11101004,11592.5,11606.25,11592.25,11605.25,1612
11101005,11605.25,11613.75,11600.5,11608.0,1771
11101006,11608,11617.25,11602.0,11606.5,1610
11101007,11606.5,11607.5,11591.5,11599.75,1851
11101008,11599.75,11610.5,11599.75,11609.5,1389
11101009,11609.5,11619,11607.25,11614.0,1336
11101010,11614,11622.25,11606.0,11611.5,1935
11101011,11611.5,11619.25,11608.25,11610.5,1155
11101012,11610.5,11628,11610.25,11623.0,1590
11101013,11623,11623.75,11612.25,11617.75,1265
11101014,11617.75,11620,11604.0,11608.5,1451
11101015,11608.5,11611,11596.5,11607.5,1902
11101016,11607.5,11607.5,11581.5,11585.5,1926
11101017,11585.5,11587.5,11573.75,11577.5,1721
11101018,11577.5,11582.5,11565.25,11570.75,1709
11101019,11570.75,11582,11570.0,11578.25,1227
11101020,11578.25,11581.75,11570.5,11581.25,1123
11101021,11581.25,11585.25,11563.25,11569.0,1545
11101022,11569,11578.75,11565.25,11578.25,914
11101023,11578.25,11591.75,11569.0,11587.25,1447
11101024,11587.25,11594.5,11585.5,11593.0,1403
11101025,11593,11615,11592.5,11614.25,1717
11101026,11614.25,11639.25,11611.0,11636.5,2158
11101027,11636.5,11641,11630.75,11635.0,1466
11101028,11635,11649.5,11632.75,11649.0,1339
11101029,11649,11657.25,11648.25,11655.25,1720
11101030,11655.25,11658.75,11648.0,11651.25,1869
11101031,11651.25,11658,11649.25,11652.75,950
11101032,11652.75,11668.5,11652.75,11668.0,1703
11101033,11668,11668,11660.25,11663.25,814
11101034,11663.25,11665.75,11645.75,11645.75,1311
11101035,11645.75,11649.5,11636.25,11636.5,1648
11101036,11636.5,11648,11634.0,11645.0,956
11101037,11645,11657,11641.5,11641.75,1073
11101038,11641.75,11646.25,11636.25,11644.5,804
11101039,11644.5,11654.25,11641.25,11648.0,723
11101040,11648,11668,11648.0,11664.5,1195
11101041,11664.5,11683.5,11657.0,11681.75,1369
11101042,11681.75,11705.75,11680.25,11702.25,2613
11101043,11702.25,11704.5,11697.0,11699.75,1517
11101044,11699.75,11708.5,11697.0,11703.75,1446
11101045,11703.75,11719.75,11703.25,11718.0,1742
11101046,11718,11723,11713.0,11719.75,1241
11101047,11719.75,11719.75,11700.25,11701.75,1275
11101048,11701.75,11709.5,11695.25,11708.75,1404
11101049,11708.75,11714,11704.5,11706.75,1056
11101050,11706.75,11710.75,11696.75,11707.5,1075
11101051,11707.5,11710.5,11683.75,11684.25,1608
11101052,11684.25,11690.25,11681.75,11689.25,1148
11101053,11689.25,11692,11674.75,11680.0,1414
11101054,11680,11687.75,11672.5,11680.5,1071
11101055,11680.5,11686.75,11672.0,11684.0,851
11101056,11684,11691.75,11674.75,11686.75,1053
11101057,11686.75,11692,11672.25,11674.0,1085
11101058,11674,11682,11663.25,11668.0,1166
11101059,11668,11671.25,11658.75,11659.75,991
11101100,11659.75,11675.5,11657.5,11674.25,1000
11101101,11674.25,11704.75,11673.5,11698.0,1933
11101102,11698,11718.75,11695.25,11716.75,1994
11101103,11716.75,11718.25,11706.25,11709.25,1119
11101104,11709.25,11716,11703.75,11709.0,1140
11101105,11709,11711.75,11686.0,11691.0,1400
11101106,11691,11698.75,11687.75,11694.5,1018
11101107,11694.5,11718.75,11692.5,11716.0,981
11101108,11716,11733.75,11713.5,11732.25,1563
11101109,11732.25,11733,11721.75,11722.5,1223
11101110,11722.5,11731.25,11715.25,11729.25,1086
11101111,11729.25,11742.5,11729.25,11739.5,1400
11101112,11739.5,11744.25,11735.25,11737.0,840
11101113,11737,11738.25,11722.5,11726.5,1134
11101114,11726.5,11732.75,11722.75,11727.0,710
11101115,11727,11739,11719.0,11732.75,1250
11101116,11732.75,11733.25,11714.25,11717.75,1016
11101117,11717.75,11720.5,11708.5,11719.75,1222
11101118,11719.75,11728,11716.75,11725.5,925
11101119,11725.5,11737.5,11717.5,11733.75,996
11101120,11733.75,11735.25,11717.5,11718.75,2016
11101121,11718.75,11727,11714.75,11726.5,788
11101122,11726.5,11741,11726.0,11730.25,962
11101123,11730.25,11732.25,11715.5,11716.0,684
11101124,11716,11725.25,11712.5,11723.5,811
11101125,11723.5,11726.5,11707.25,11717.0,873
11101126,11717,11726,11704.75,11706.25,911
11101127,11706.25,11707.75,11694.5,11697.5,1039
11101128,11697.5,11699.75,11683.75,11685.0,1108
11101129,11685,11689.75,11682.0,11688.75,914
11101130,11688.75,11698.25,11684.75,11692.25,1031
11101131,11692.25,11703.75,11691.75,11700.75,819
11101132,11700.75,11709,11700.75,11707.25,807
11101133,11707.25,11708.75,11697.75,11700.5,619
11101134,11700.5,11702.75,11690.75,11692.5,868
11101135,11692.5,11692.5,11672.5,11673.0,1430
11101136,11673,11677.75,11667.5,11677.5,910
11101137,11677.5,11678.75,11669.0,11675.25,1197
11101138,11675.25,11677,11664.25,11674.25,1300
11101139,11674.25,11675.5,11661.25,11666.25,1137
11101140,11666.25,11676,11666.25,11672.0,1684
11101141,11672,11683.5,11670.75,11682.75,1065
11101142,11682.75,11694.75,11677.75,11692.75,1228
11101143,11692.75,11693,11679.5,11688.0,879
11101144,11688,11697.5,11680.5,11682.0,707
11101145,11682,11687,11673.25,11684.75,1475
11101146,11684.75,11712.5,11684.75,11710.75,1525
11101147,11710.75,11720.75,11707.0,11715.25,1742
11101148,11715.25,11717.25,11704.0,11714.5,2565
11101149,11714.5,11714.5,11704.25,11707.0,1632
11101150,11707,11709.75,11697.0,11700.0,733
11101151,11700,11700,11685.25,11695.0,808
11101152,11695,11707,11695.0,11707.0,552
11101153,11707,11716.25,11700.5,11701.0,918
11101154,11701,11707,11696.5,11699.75,490
11101155,11699.75,11713.5,11699.75,11710.75,589
11101156,11710.75,11713,11699.25,11710.75,591
11101157,11710.75,11713.25,11703.0,11706.75,457
11101158,11706.75,11708.5,11690.0,11692.5,693
11101159,11692.5,11703,11691.75,11696.0,534
11101200,11696,11712,11696.0,11706.75,842
11101201,11706.75,11720.25,11702.5,11719.5,914
11101202,11719.5,11722.75,11711.0,11720.0,657
11101203,11720,11726,11718.25,11723.25,808
11101204,11723.25,11729.25,11719.5,11728.75,748
11101205,11728.75,11733.5,11722.75,11729.75,2289
11101206,11729.75,11729.75,11714.75,11718.0,2148
11101207,11718,11725,11711.25,11717.25,805
11101208,11717.25,11724.5,11714.5,11716.5,529
11101209,11716.5,11718.25,11704.75,11713.0,694
11101210,11713,11715.75,11701.0,11704.5,756
11101211,11704.5,11704.5,11680.5,11686.0,1750
11101212,11686,11691.25,11683.0,11684.25,763
11101213,11684.25,11687.25,11676.75,11678.0,758
11101214,11678,11680.5,11670.5,11674.5,838
11101215,11674.5,11676,11663.0,11668.75,1347
11101216,11668.75,11672.75,11663.5,11665.5,1157
11101217,11665.5,11669.25,11651.0,11654.0,1344
11101218,11654,11659.75,11652.5,11655.25,828
11101219,11655.25,11659,11651.5,11652.75,838
11101220,11652.75,11655.25,11641.0,11649.0,1693
11101221,11649,11649.5,11637.25,11641.0,1072
11101222,11641,11645.25,11631.75,11635.25,1173
11101223,11635.25,11637.75,11624.5,11627.0,1326
11101224,11627,11628.75,11614.75,11617.25,1615
11101225,11617.25,11621.25,11611.75,11617.0,1137
11101226,11617,11630.5,11616.75,11625.5,1474
11101227,11625.5,11630.25,11618.5,11627.5,1024
11101228,11627.5,11627.5,11615.0,11619.25,1206
11101229,11619.25,11625.5,11612.5,11621.5,1008
11101230,11621.5,11621.5,11608.0,11609.5,1345
11101231,11609.5,11611.5,11603.5,11608.25,1161
11101232,11608.25,11609.75,11593.25,11595.0,1270
11101233,11595,11596.75,11585.25,11590.75,1524
11101234,11590.75,11595,11575.25,11583.25,2351
11101235,11583.25,11604.25,11577.0,11599.25,2621
11101236,11599.25,11609.75,11595.25,11608.75,1496
11101237,11608.75,11618.75,11607.0,11613.0,1622
11101238,11613,11626.5,11607.5,11626.0,1511
11101239,11626,11633,11620.5,11622.75,1281
11101240,11622.75,11636.75,11620.25,11633.5,1138
11101241,11633.5,11637.25,11629.5,11632.0,644
11101242,11632,11638,11627.25,11635.5,737
11101243,11635.5,11641,11630.25,11640.25,640
11101244,11640.25,11651.25,11640.25,11646.0,1134
11101245,11646,11647.75,11628.75,11632.0,1747
11101246,11632,11638.75,11627.0,11634.75,2033
11101247,11634.75,11638,11629.25,11635.25,488
11101248,11635.25,11642,11631.25,11634.25,549
11101249,11634.25,11638.75,11628.25,11634.5,707
11101250,11634.5,11660.5,11634.5,11659.5,1197
11101251,11659.5,11660,11651.5,11654.75,747
11101252,11654.75,11656.25,11650.75,11654.5,557
11101253,11654.5,11668,11654.25,11666.75,960
11101254,11666.75,11669.25,11660.5,11660.5,545
11101255,11660.5,11661.75,11652.25,11661.25,1948
11101256,11661.25,11665.5,11647.0,11648.75,760
11101257,11648.75,11659.25,11645.0,11655.25,733
11101258,11655.25,11660.75,11648.5,11649.25,512
11101259,11649.25,11658,11647.0,11654.75,449
11101300,11654.75,11668.5,11652.75,11662.5,2502
11101301,11662.5,11666,11650.5,11653.75,838
11101302,11653.75,11663.5,11650.5,11660.25,1654
11101303,11660.25,11665.25,11651.25,11660.0,1643
11101304,11660,11677,11658.75,11671.0,3640
11101305,11671,11686.75,11670.25,11681.25,1402
11101306,11681.25,11689.75,11676.75,11686.5,3053
11101307,11686.5,11686.5,11671.25,11672.25,2711
11101308,11672.25,11674.25,11666.25,11667.25,1006
11101309,11667.25,11677.5,11665.75,11675.25,517
11101310,11675.25,11681,11633.5,11639.5,3441
11101311,11639.5,11645.25,11611.0,11618.25,2704
11101312,11618.25,11625,11609.0,11613.5,1630
11101313,11613.5,11618.5,11608.25,11617.5,1314
11101314,11617.5,11628.25,11617.5,11622.25,1706
11101315,11622.25,11626.5,11616.75,11621.25,1136
11101316,11621.25,11621.5,11601.0,11607.25,1528
11101317,11607.25,11608.75,11596.75,11606.5,1306
11101318,11606.5,11612.5,11604.25,11609.25,766
11101319,11609.25,11612.75,11602.5,11612.5,930
11101320,11612.5,11617.25,11603.5,11607.25,2331
11101321,11607.25,11609,11588.75,11592.25,1905
11101322,11592.25,11607.5,11588.5,11602.25,1520
11101323,11602.25,11609.5,11599.25,11601.5,2826
11101324,11601.5,11631.5,11577.0,11625.5,3973
11101325,11625.5,11647.75,11625.5,11639.0,3019
11101326,11639,11640,11621.5,11622.25,3270
11101327,11622.25,11624.75,11574.0,11578.75,4182
11101328,11578.75,11597,11578.75,11586.0,1507
11101329,11586,11596,11586.0,11592.75,752
11101330,11592.75,11628,11588.5,11627.75,1675
11101331,11627.75,11632.25,11613.75,11619.75,1251
11101332,11619.75,11631.5,11617.0,11624.0,944
11101333,11624,11641,11622.75,11627.5,998
11101334,11627.5,11635.5,11622.75,11626.0,715
11101335,11626,11633,11601.25,11616.75,1294
11101336,11616.75,11628.25,11616.75,11628.0,774
11101337,11628,11648,11627.0,11644.75,1298
11101338,11644.75,11653.25,11641.0,11642.0,972
11101339,11642,11648.75,11637.75,11645.0,2139
11101340,11645,11657.5,11643.25,11646.75,1387
11101341,11646.75,11650.25,11636.0,11642.75,1078
11101342,11642.75,11649.25,11631.0,11648.0,959
11101343,11648,11664,11648.0,11655.0,1208
11101344,11655,11658.5,11608.0,11623.75,3868
11101345,11623.75,11627.25,11604.5,11613.0,2616
11101346,11613,11618.75,11607.25,11607.5,1413
11101347,11607.5,11630.5,11607.0,11630.25,1144
11101348,11630.25,11640.5,11610.75,11619.25,1949
11101349,11619.25,11619.25,11606.5,11616.75,1225
11101350,11616.75,11619,11608.75,11617.25,864
11101351,11617.25,11636,11617.25,11627.0,943
11101352,11627,11643.25,11625.0,11641.25,890
11101353,11641.25,11641.75,11629.5,11630.75,519
11101354,11630.75,11647,11626.75,11633.75,1593
11101355,11633.75,11646.25,11629.5,11640.75,776
11101356,11640.75,11643.5,11621.5,11622.25,672
11101357,11622.25,11641,11620.25,11632.5,1582
11101358,11632.5,11634.25,11624.5,11628.25,636
11101359,11628.25,11637.25,11620.75,11625.5,973
11101400,11625.5,11629.25,11612.75,11626.75,1105
11101401,11626.75,11647,11626.25,11629.75,1301
11101402,11629.75,11632.25,11618.75,11622.75,869
11101403,11622.75,11627.75,11616.0,11619.75,1283
11101404,11619.75,11629,11605.0,11606.75,1090
11101405,11606.75,11619,11606.0,11609.75,1093
11101406,11609.75,11609.75,11593.0,11604.0,1422
11101407,11604,11608.25,11588.5,11593.25,1100
11101408,11593.25,11597.75,11589.25,11590.0,923
11101409,11590,11602,11590.0,11597.5,951
11101410,11597.5,11617.75,11597.5,11617.75,1059
11101411,11617.75,11620.75,11606.0,11606.0,996
11101412,11606,11606.75,11585.0,11593.0,1067
11101413,11593,11599,11590.5,11594.5,817
11101414,11594.5,11607.25,11589.0,11591.75,1172
11101415,11591.75,11608.25,11589.5,11605.5,962
11101416,11605.5,11611,11598.5,11599.25,712
11101417,11599.25,11616.5,11598.5,11615.75,636
11101418,11615.75,11632.5,11614.75,11628.75,1685
11101419,11628.75,11640,11628.25,11633.5,1192
11101420,11633.5,11648.75,11630.25,11646.75,1241
11101421,11646.75,11648.75,11639.0,11639.75,1008
11101422,11639.75,11641,11632.0,11634.75,893
11101423,11634.75,11645.5,11630.5,11634.0,675
11101424,11634,11641.25,11627.75,11638.75,818
11101425,11638.75,11639,11616.5,11628.25,1576
11101426,11628.25,11630,11620.0,11621.5,1158
11101427,11621.5,11641,11621.5,11640.5,1100
11101428,11640.5,11655.25,11639.0,11641.5,1507
11101429,11641.5,11656,11640.25,11648.25,1309
11101430,11648.25,11659.25,11641.0,11659.25,1153
11101431,11659.25,11661,11649.75,11656.0,878
11101432,11656,11658.75,11632.5,11646.0,1404
11101433,11646,11652,11641.75,11643.25,1301
11101434,11643.25,11650,11637.75,11642.0,1359
11101435,11642,11650,11637.5,11639.0,1527
11101436,11639,11644.25,11628.25,11644.25,1124
11101437,11644.25,11645,11630.5,11631.0,1366
11101438,11631,11633.75,11619.5,11621.25,1289
11101439,11621.25,11622.5,11610.0,11617.75,1257
11101440,11617.75,11631.5,11617.75,11623.75,789
11101441,11623.75,11632,11623.75,11627.5,1009
11101442,11627.5,11643.5,11624.0,11643.5,815
11101443,11643.5,11662.25,11642.75,11652.75,2398
11101444,11652.75,11656.75,11648.0,11649.5,2076
11101445,11649.5,11656.75,11644.75,11650.5,943
11101446,11650.5,11650.5,11636.25,11638.75,1102
11101447,11638.75,11639.5,11622.0,11625.25,1226
11101448,11625.25,11629.5,11620.25,11621.75,1450
11101449,11621.75,11634.75,11619.25,11632.5,1238
11101450,11632.5,11642.75,11626.5,11640.75,1953
11101451,11640.75,11640.75,11607.0,11608.5,2355
11101452,11608.5,11608.75,11592.0,11604.75,2176
11101453,11604.75,11617.75,11599.25,11615.0,1769
11101454,11615,11616,11600.0,11602.25,2118
11101455,11602.25,11612,11601.25,11602.5,1688
11101456,11602.5,11606,11594.0,11601.5,2333
11101457,11601.5,11620.5,11598.0,11616.5,2699
11101458,11616.5,11633.25,11615.75,11626.25,2754
11101459,11626.25,11627.5,11605.5,11619.25,5670
11101500,11619.25,11639,11616.25,11635.5,2279
11101501,11635.5,11638.25,11630.75,11634.0,1033
11101502,11634,11638,11631.5,11633.5,687
11101503,11633.5,11634.75,11630.25,11634.5,294
11101504,11634.5,11634.75,11630.0,11630.5,254
11101505,11630.5,11639,11629.5,11637.5,432
11101506,11637.5,11642,11637.0,11640.0,462
11101507,11640,11644.75,11638.5,11639.75,287
11101508,11639.75,11641.75,11633.0,11634.0,369
11101509,11634,11636,11630.0,11633.0,465
11101510,11633,11634.5,11627.75,11629.75,272
11101511,11629.75,11631,11624.0,11627.0,304
11101512,11627,11628.5,11620.25,11620.25,235
11101513,11620.25,11626.75,11619.25,11624.0,310
11101514,11624,11626,11621.5,11624.75,341
11101530,11624.75,11625.75,11619.75,11621.0,170
11101531,11621,11623.25,11619.25,11623.25,35
11101532,11623.25,11630.5,11622.5,11626.25,61
11101533,11626.25,11626.25,11619.0,11624.5,113
11101534,11624.5,11628.25,11624.25,11628.0,38
11101535,11628,11629.75,11626.0,11627.0,61
11101536,11627,11628,11625.75,11625.75,27
11101537,11625.75,11627.5,11623.25,11624.25,55
11101538,11624.25,11628.25,11624.25,11627.75,60
11101539,11627.75,11628.75,11626.25,11628.25,26
11101540,11628.25,11630.25,11627.25,11629.25,74
11101541,11629.25,11629.25,11628.0,11628.75,18
11101542,11628.75,11629.25,11627.25,11627.75,35
11101543,11627.75,11629,11627.0,11627.5,14
11101544,11627.5,11628.25,11627.5,11628.25,12
11101545,11628.25,11629.5,11627.5,11627.5,29
11101546,11627.5,11629.25,11627.5,11627.75,28
11101547,11627.75,11628.75,11626.0,11627.0,61
11101548,11627,11628,11622.75,11622.75,39
11101549,11622.75,11624,11621.25,11622.5,36
11101550,11622.5,11623,11620.0,11620.5,62
11101551,11620.5,11622.75,11619.75,11622.25,34
11101552,11622.25,11622.25,11620.75,11620.75,16
11101553,11620.75,11621.5,11617.75,11618.75,30
11101554,11618.75,11619.75,11617.75,11619.75,33
11101555,11619.75,11620,11618.25,11619.25,27
11101556,11619.25,11619.75,11617.5,11619.5,46
11101557,11619.5,11619.5,11613.75,11615.0,116
11101558,11615,11618.25,11614.0,11617.75,26
11101559,11617.75,11625,11617.75,11624.0,134
11101600,11624,11624,11624.0,11624.0,0
11101601,11624,11624,11624.0,11624.0,0
11101602,11624,11624,11624.0,11624.0,0
11101603,11624,11624,11624.0,11624.0,0
11101604,11624,11624,11624.0,11624.0,0
11101605,11624,11624,11624.0,11624.0,0
11101606,11624,11624,11624.0,11624.0,0
11101607,11624,11624,11624.0,11624.0,0
11101608,11624,11624,11624.0,11624.0,0
11101609,11624,11624,11624.0,11624.0,0
11101610,11624,11624,11624.0,11624.0,0
11101611,11624,11624,11624.0,11624.0,0
11101612,11624,11624,11624.0,11624.0,0
11101613,11624,11624,11624.0,11624.0,0
11101614,11624,11624,11624.0,11624.0,0
11101615,11624,11624,11624.0,11624.0,0
11101616,11624,11624,11624.0,11624.0,0
11101617,11624,11624,11624.0,11624.0,0
11101618,11624,11624,11624.0,11624.0,0
11101619,11624,11624,11624.0,11624.0,0
11101620,11624,11624,11624.0,11624.0,0
11101621,11624,11624,11624.0,11624.0,0
11101622,11624,11624,11624.0,11624.0,0
11101623,11624,11624,11624.0,11624.0,0
11101624,11624,11624,11624.0,11624.0,0
11101625,11624,11624,11624.0,11624.0,0
11101626,11624,11624,11624.0,11624.0,0
11101627,11624,11624,11624.0,11624.0,0
11101628,11624,11624,11624.0,11624.0,0
11101629,11624,11624,11624.0,11624.0,0
11101630,11624,11624,11624.0,11624.0,0
11101631,11624,11624,11624.0,11624.0,0
11101632,11624,11624,11624.0,11624.0,0
11101633,11624,11624,11624.0,11624.0,0
11101634,11624,11624,11624.0,11624.0,0
11101635,11624,11624,11624.0,11624.0,0
11101636,11624,11624,11624.0,11624.0,0
11101637,11624,11624,11624.0,11624.0,0
11101638,11624,11624,11624.0,11624.0,0
11101639,11624,11624,11624.0,11624.0,0
11101640,11624,11624,11624.0,11624.0,0
11101641,11624,11624,11624.0,11624.0,0
11101642,11624,11624,11624.0,11624.0,0
11101643,11624,11624,11624.0,11624.0,0
11101644,11624,11624,11624.0,11624.0,0
11101645,11624,11624,11624.0,11624.0,0
11101646,11624,11624,11624.0,11624.0,0
11101647,11624,11624,11624.0,11624.0,0
11101648,11624,11624,11624.0,11624.0,0
11101649,11624,11624,11624.0,11624.0,0
11101650,11624,11624,11624.0,11624.0,0
11101651,11624,11624,11624.0,11624.0,0
11101652,11624,11624,11624.0,11624.0,0
11101653,11624,11624,11624.0,11624.0,0
11101654,11624,11624,11624.0,11624.0,0
11101655,11624,11624,11624.0,11624.0,0
11101656,11624,11624,11624.0,11624.0,0
11101657,11624,11624,11624.0,11624.0,0
11101658,11624,11624,11624.0,11624.0,0
11101659,11624,11624,11624.0,11624.0,0
